county,district,"Less than 10,000","10,000 to 14,999","15,000 to 19,999","20,000 to 24,999","25,000 to 29,999","30,000 to 34,999","35,000 to 39,999","40,000 to 44,999","45,000 to 49,999"
Anderson,District 1,218,190,170,273,254,150,186,117,167
Anderson,District 2,381,406,282,212,259,218,162,229,224
Anderson,District 3,106,119,298,115,413,254,100,232,253
Anderson,District 4,336,251,429,171,209,175,196,110,60
Anderson,District 5,265,163,322,191,187,121,215,335,35
Anderson,District 6,262,235,216,149,235,275,229,253,164
Anderson,District 7,312,241,149,246,200,218,171,223,171
Anderson,District 8,231,66,255,175,123,126,121,199,164
Bedford,District 1,124,53,48,66,77,34,87,66,100
Bedford,District 2,28,91,121,43,10,147,112,164,59
Bedford,District 3,112,106,35,109,54,72,221,97,104
Bedford,District 4,207,73,175,54,86,86,79,61,91
Bedford,District 5,11,37,64,92,84,79,115,168,93
Bedford,District 6,154,138,121,156,158,140,88,103,89
Bedford,District 7,66,27,101,67,73,158,163,115,79
Bedford,District 8,292,117,173,56,34,181,270,254,62
Bedford,District 9,63,90,98,122,65,186,56,123,194
Benton,District 1,122,64,94,52,84,68,58,101,34
Benton,District 2,96,73,72,142,45,41,133,68,15
Benton,District 3,122,133,95,56,67,68,51,64,90
Benton,District 4,112,150,121,68,46,22,38,8,38
Benton,District 5,79,87,142,136,126,86,50,79,26
Benton,District 6,166,84,78,93,51,33,85,89,74
Bledsoe,District 1,71,52,28,99,71,46,8,26,47
Bledsoe,District 2,123,14,25,41,10,71,63,13,58
Bledsoe,District 3,77,82,66,59,36,63,76,52,17
Bledsoe,District 4,114,105,107,49,51,72,51,36,8
Bledsoe,District 5,62,93,22,25,49,14,24,38,33
Bledsoe,District 6,78,15,0,56,60,14,14,92,29
Blount,District 1,480,316,279,248,317,366,205,279,206
Blount,District 10,173,158,274,270,278,249,375,321,250
Blount,District 2,293,262,160,392,322,223,173,199,186
Blount,District 3,359,182,100,352,203,133,421,165,233
Blount,District 4,302,124,501,291,334,402,616,281,292
Blount,District 5,234,169,215,125,158,194,223,134,71
Blount,District 6,280,238,47,281,304,276,168,293,285
Blount,District 7,264,267,230,215,207,251,138,195,310
Blount,District 8,176,262,262,238,232,278,265,157,210
Blount,District 9,201,299,122,218,349,175,234,236,148
Bradley,District 1,249,360,206,205,390,460,165,321,196
Bradley,District 2,109,204,179,182,300,73,239,301,460
Bradley,District 3,524,433,389,460,374,193,420,515,275
Bradley,District 4,163,182,302,280,268,469,189,254,354
Bradley,District 5,758,532,198,351,334,315,350,312,318
Bradley,District 6,232,633,443,276,166,318,226,265,234
Bradley,District 7,459,196,213,322,339,362,321,316,243
Campbell,District 1,296,268,311,244,228,269,150,226,137
Campbell,District 2,360,260,160,241,216,157,296,86,152
Campbell,District 3,127,257,188,331,188,139,173,79,226
Campbell,District 4,282,203,186,218,264,130,145,209,144
Campbell,District 5,422,310,339,183,215,163,215,115,157
Cannon,District 1,115,65,14,79,61,55,19,44,19
Cannon,District 2,120,68,91,78,19,21,28,25,35
Cannon,District 3,48,52,40,23,34,40,15,25,23
Cannon,District 4,48,0,53,66,120,44,32,36,110
Cannon,District 5,126,92,67,78,53,63,109,51,71
Carroll,District 1,91,92,148,127,212,83,40,57,71
Carroll,District 2,163,41,74,53,35,64,53,103,32
Carroll,District 3,94,79,61,84,49,49,36,31,34
Carroll,District 4,63,93,63,79,76,82,14,49,100
Carroll,District 5,283,125,163,30,69,33,96,96,13
Carroll,District 6,62,50,108,64,42,73,38,67,54
Carroll,District 7,11,33,22,62,25,39,67,81,104
Carroll,District 8,169,87,129,102,145,71,46,83,10
Carroll,District 9,228,29,72,57,121,131,54,124,47
Carter,District 1,261,206,285,252,270,214,96,155,145
Carter,District 2,243,284,254,153,238,195,52,118,109
Carter,District 3,238,405,291,199,230,103,163,177,122
Carter,District 4,332,251,241,157,240,209,176,235,76
Carter,District 5,265,184,264,108,159,101,177,218,243
Carter,District 6,567,316,344,173,155,210,184,91,100
Carter,District 7,183,199,176,109,134,202,251,132,188
Carter,District 8,233,253,259,120,400,200,150,143,83
Cheatham,District 1,245,115,48,167,226,272,179,88,131
Cheatham,District 2,110,48,189,95,142,53,141,75,89
Cheatham,District 3,24,62,76,48,90,86,46,59,111
Cheatham,District 4,103,72,66,174,69,167,170,172,87
Cheatham,District 5,100,76,78,93,63,111,110,159,88
Cheatham,District 6,90,114,91,85,72,67,193,49,62
Chester,District 1,12,29,118,58,21,197,84,73,40
Chester,District 2,57,78,30,40,67,42,91,15,0
Chester,District 3,47,41,57,27,36,28,35,116,0
Chester,District 4,91,50,35,42,32,60,21,34,82
Chester,District 5,114,113,73,16,26,52,10,78,35
Chester,District 6,79,50,125,56,79,28,36,55,10
Claiborne,District 1,232,153,160,139,145,61,108,116,52
Claiborne,District 2,337,161,176,57,124,137,56,101,190
Claiborne,District 3,259,139,218,132,124,194,128,111,100
Claiborne,District 4,113,85,135,42,122,60,49,101,13
Claiborne,District 5,108,100,55,34,72,35,32,17,41
Claiborne,District 6,112,97,100,68,113,122,169,72,59
Claiborne,District 7,364,99,142,204,116,118,92,64,59
Claiborne,District 8,210,86,147,68,81,73,99,68,44
Claiborne,District 9,37,19,23,12,38,16,9,29,12
Clay,District 1,13,23,100,67,52,14,30,28,13
Clay,District 2,44,85,55,21,63,0,0,69,7
Clay,District 3,155,96,75,38,15,38,28,47,26
Clay,District 4,71,16,72,35,44,21,57,12,48
Clay,District 5,117,52,58,16,42,57,0,10,32
Cocke,District 1,191,213,145,101,116,193,102,69,93
Cocke,District 2,208,235,175,55,144,80,129,139,99
Cocke,District 3,277,171,92,135,134,76,115,166,46
Cocke,District 4,255,69,200,191,107,133,178,142,125
Cocke,District 5,133,170,119,147,149,142,87,127,73
Cocke,District 6,323,308,180,195,77,123,75,123,87
Cocke,District 7,108,248,83,213,136,178,17,132,70
Coffee,District 1,68,141,84,85,39,71,88,51,99
Coffee,District 10,146,28,56,60,72,46,103,80,18
Coffee,District 11,78,58,21,46,81,58,11,48,50
Coffee,District 12,58,0,108,38,144,85,43,92,70
Coffee,District 13,59,14,17,0,50,33,29,45,65
Coffee,District 14,95,36,62,43,23,9,36,12,74
Coffee,District 15,8,26,148,62,16,26,52,101,39
Coffee,District 16,16,0,5,35,53,69,41,26,49
Coffee,District 17,171,129,52,57,74,130,124,14,58
Coffee,District 18,17,83,83,60,88,80,48,15,88
Coffee,District 19,98,172,91,100,151,84,46,87,19
Coffee,District 2,76,58,67,49,76,15,75,45,12
Coffee,District 20,33,13,118,62,27,40,91,70,13
Coffee,District 21,70,59,62,175,26,77,12,16,55
Coffee,District 3,14,79,50,23,15,23,83,31,117
Coffee,District 4,79,29,79,44,61,0,32,43,69
Coffee,District 5,47,54,33,92,23,93,66,73,114
Coffee,District 6,82,14,57,57,51,60,26,105,38
Coffee,District 7,0,51,68,36,9,0,19,114,99
Coffee,District 8,30,24,24,31,0,79,44,24,14
Coffee,District 9,18,30,38,24,58,83,177,64,28
Crockett,District 1,25,53,17,31,37,2,20,11,16
Crockett,District 10,72,15,36,25,39,28,22,24,0
Crockett,District 11,4,35,6,0,29,45,37,50,13
Crockett,District 12,22,14,15,16,12,9,34,58,29
Crockett,District 2,67,29,32,33,20,18,22,16,23
Crockett,District 3,9,26,13,36,33,20,55,45,10
Crockett,District 4,36,46,38,81,71,40,18,0,0
Crockett,District 5,36,28,25,35,26,30,38,5,19
Crockett,District 6,61,63,28,32,30,25,23,11,29
Crockett,District 7,41,25,33,24,43,11,47,25,0
Crockett,District 8,15,33,24,7,36,50,21,13,0
Crockett,District 9,23,11,15,38,11,44,7,22,28
Cumberland,District 1,216,305,133,119,185,300,329,125,112
Cumberland,District 2,336,301,297,247,228,128,148,56,29
Cumberland,District 3,180,92,201,137,177,156,122,98,192
Cumberland,District 4,311,132,92,232,132,147,189,120,221
Cumberland,District 5,191,132,66,250,209,220,156,211,123
Cumberland,District 6,218,332,155,189,157,178,190,64,190
Cumberland,District 7,154,60,152,219,91,91,149,193,202
Cumberland,District 8,131,80,154,171,66,117,172,273,82
Cumberland,District 9,153,61,135,196,238,186,173,295,272
Davidson,District 1,439,376,376,295,193,445,367,282,313
Davidson,District 10,393,237,244,407,476,362,534,293,535
Davidson,District 11,275,237,254,375,498,376,429,571,423
Davidson,District 12,284,245,358,228,449,201,478,184,393
Davidson,District 13,269,315,256,230,335,521,395,455,590
Davidson,District 14,532,245,414,365,572,660,410,508,467
Davidson,District 15,281,183,273,315,251,357,459,374,305
Davidson,District 16,576,463,323,368,946,416,602,475,343
Davidson,District 17,1232,438,408,580,285,340,395,353,168
Davidson,District 18,222,182,187,293,148,342,195,307,140
Davidson,District 19,1697,426,497,441,412,288,374,298,276
Davidson,District 2,1197,553,775,373,545,580,443,293,281
Davidson,District 20,768,410,247,423,445,326,181,516,280
Davidson,District 21,1250,695,406,584,387,559,413,346,411
Davidson,District 22,255,308,327,451,285,369,369,426,556
Davidson,District 23,320,224,192,88,163,149,186,259,230
Davidson,District 24,336,329,298,168,241,446,214,426,307
Davidson,District 25,220,145,169,137,224,479,237,179,317
Davidson,District 26,323,305,403,399,272,345,249,464,277
Davidson,District 27,401,387,272,276,440,346,387,317,422
Davidson,District 28,340,264,393,386,510,475,440,408,373
Davidson,District 29,246,259,322,410,418,502,209,760,593
Davidson,District 3,689,325,290,458,349,419,369,329,300
Davidson,District 30,267,157,325,518,550,461,587,393,274
Davidson,District 31,206,155,169,289,204,304,490,467,394
Davidson,District 32,454,358,270,574,456,531,559,676,820
Davidson,District 33,293,94,194,263,195,263,348,290,270
Davidson,District 34,112,91,166,162,118,201,135,218,209
Davidson,District 35,207,56,121,81,107,179,117,217,194
Davidson,District 4,210,151,211,105,269,187,248,348,331
Davidson,District 5,307,240,295,508,377,306,553,368,362
Davidson,District 6,730,527,372,446,236,306,315,265,272
Davidson,District 7,620,359,572,534,334,391,595,427,447
Davidson,District 8,334,276,382,343,564,483,440,377,583
Davidson,District 9,320,568,509,689,539,357,502,421,411
Decatur,District 1,20,31,15,32,25,13,34,30,21
Decatur,District 2,41,54,64,50,27,47,30,55,4
Decatur,District 3,63,73,20,35,8,31,10,23,23
Decatur,District 4,40,32,21,14,12,41,11,45,40
Decatur,District 5,34,29,26,20,42,38,21,47,8
Decatur,District 6,21,60,4,61,41,16,0,16,33
Decatur,District 7,47,44,57,34,46,17,37,35,6
Decatur,District 8,54,108,83,29,23,4,0,0,76
Decatur,District 9,17,33,40,51,46,38,27,5,10
DeKalb,District 1,180,35,81,32,11,69,53,108,55
DeKalb,District 2,52,71,58,97,47,51,17,56,82
DeKalb,District 3,167,140,77,67,29,51,26,112,41
DeKalb,District 4,7,25,62,114,96,39,101,74,34
DeKalb,District 5,155,38,49,94,55,165,22,14,15
DeKalb,District 6,63,103,50,47,65,20,84,19,75
DeKalb,District 7,103,5,67,144,27,104,33,92,47
Dickson,District 1,61,37,75,118,70,74,54,265,78
Dickson,District 10,167,22,53,111,45,29,84,117,68
Dickson,District 11,97,90,34,50,100,59,81,136,61
Dickson,District 12,115,35,75,40,50,77,37,14,39
Dickson,District 2,52,79,159,71,122,42,70,61,99
Dickson,District 3,158,67,88,92,99,60,84,33,83
Dickson,District 4,136,188,41,29,76,71,69,121,63
Dickson,District 5,89,66,84,49,73,134,78,82,149
Dickson,District 6,3,13,16,109,71,99,53,28,121
Dickson,District 7,43,30,55,92,145,216,43,127,69
Dickson,District 8,83,204,128,97,107,158,49,152,38
Dickson,District 9,118,99,43,109,100,46,100,23,61
Dyer,District 1,120,92,74,142,58,39,122,123,50
Dyer,District 10,58,86,127,36,83,68,125,56,12
Dyer,District 2,208,97,70,60,32,62,54,43,12
Dyer,District 3,114,51,102,163,82,78,83,162,60
Dyer,District 4,25,50,80,71,102,37,82,55,90
Dyer,District 5,43,63,115,97,68,164,56,61,44
Dyer,District 6,573,151,120,105,98,105,47,76,86
Dyer,District 7,120,68,104,234,60,67,128,165,73
Dyer,District 8,99,129,128,29,244,40,80,46,87
Dyer,District 9,86,88,84,36,175,64,61,62,46
Fayette,District 1,293,124,167,192,90,70,81,17,43
Fayette,District 2,65,99,43,45,53,44,134,32,74
Fayette,District 3,304,114,205,140,199,144,27,63,76
Fayette,District 4,23,62,68,55,118,96,77,149,41
Fayette,District 5,188,74,59,109,135,108,79,107,88
Fayette,District 6,27,45,57,65,121,39,60,43,85
Fayette,District 7,111,70,62,61,53,114,44,111,17
Fayette,District 8,75,38,101,78,61,48,21,120,41
Fentress,District 1,308,172,187,149,147,72,116,76,90
Fentress,District 2,114,55,90,162,69,47,62,73,125
Fentress,District 3,48,52,97,139,37,116,50,102,124
Fentress,District 4,76,128,89,43,175,281,86,111,99
Fentress,District 5,173,140,104,49,97,120,119,130,20
Franklin,District 1,184,74,178,73,216,98,162,21,149
Franklin,District 2,124,113,94,26,62,79,39,94,129
Franklin,District 3,55,110,84,119,106,96,256,81,57
Franklin,District 4,219,198,133,128,136,96,76,79,56
Franklin,District 5,71,62,57,30,82,64,36,75,25
Franklin,District 6,100,207,160,81,104,171,223,86,69
Franklin,District 7,89,197,0,166,56,59,17,87,111
Franklin,District 8,211,160,156,238,103,146,101,115,150
Gibson,District 1,34,76,110,42,73,39,72,101,91
Gibson,District 10,256,181,146,200,97,12,168,102,127
Gibson,District 11,127,119,0,98,39,97,116,52,92
Gibson,District 12,18,48,28,42,69,47,0,0,33
Gibson,District 13,72,133,64,28,29,0,17,93,32
Gibson,District 14,42,165,11,111,62,89,0,68,0
Gibson,District 15,15,84,39,15,47,159,45,40,0
Gibson,District 16,102,68,113,81,113,59,83,49,131
Gibson,District 17,47,27,65,41,43,62,41,36,36
Gibson,District 18,10,20,86,36,47,52,28,35,24
Gibson,District 19,176,126,110,91,104,152,67,38,41
Gibson,District 2,47,162,36,12,148,71,124,20,67
Gibson,District 3,126,0,56,27,73,63,13,65,0
Gibson,District 4,154,72,13,24,142,64,47,13,9
Gibson,District 5,113,68,105,79,40,57,58,47,6
Gibson,District 6,98,100,30,59,67,30,60,14,45
Gibson,District 7,82,54,100,42,17,57,71,67,30
Gibson,District 8,27,21,95,94,21,47,42,34,28
Gibson,District 9,20,23,78,34,19,54,24,74,14
Giles,District 1,68,100,151,71,57,195,94,74,73
Giles,District 2,66,86,110,75,82,111,88,95,49
Giles,District 3,128,103,46,82,127,140,70,29,94
Giles,District 4,77,66,86,60,47,107,138,168,70
Giles,District 5,30,62,154,57,20,73,70,108,97
Giles,District 6,247,45,152,99,84,72,72,51,41
Giles,District 7,159,222,266,109,143,80,87,78,33
Grainger,District 1,167,167,108,92,114,113,130,74,88
Grainger,District 2,189,135,218,93,203,74,145,114,58
Grainger,District 3,73,71,95,288,75,87,72,72,94
Grainger,District 4,79,105,100,179,133,62,60,104,52
Grainger,District 5,75,238,39,67,31,126,92,113,120
Greene,District 1,251,362,206,373,188,188,144,144,140
Greene,District 2,322,265,303,303,166,337,265,129,212
Greene,District 3,306,244,216,211,157,170,176,304,175
Greene,District 4,358,304,349,305,185,221,363,281,50
Greene,District 5,127,274,360,235,284,221,158,150,172
Greene,District 6,371,181,317,279,225,239,193,272,138
Greene,District 7,491,290,242,264,469,273,198,149,182
Grundy,District 1,188,135,145,72,107,98,60,74,40
Grundy,District 2,219,143,109,112,57,89,61,135,57
Grundy,District 3,212,127,133,90,71,82,74,84,66
Hamblen,District 1,167,140,90,155,152,106,148,108,43
Hamblen,District 10,10,58,50,85,146,86,135,206,68
Hamblen,District 11,430,147,76,150,95,143,53,45,73
Hamblen,District 12,68,86,0,54,138,66,76,76,111
Hamblen,District 13,0,0,37,87,89,136,109,91,121
Hamblen,District 14,39,7,80,68,31,57,78,73,55
Hamblen,District 2,177,230,89,233,171,152,61,89,50
Hamblen,District 3,239,61,233,184,168,129,157,104,110
Hamblen,District 4,264,203,201,106,94,95,92,66,16
Hamblen,District 5,153,83,82,100,167,82,60,87,95
Hamblen,District 6,185,205,187,162,82,147,62,104,68
Hamblen,District 7,101,90,139,182,66,71,97,135,99
Hamblen,District 8,28,39,98,15,33,82,156,136,73
Hamblen,District 9,46,142,177,288,44,173,112,85,36
Hamilton,District 1,721,822,734,629,695,735,797,694,701
Hamilton,District 2,619,469,516,646,649,696,701,614,642
Hamilton,District 3,688,634,597,549,645,856,693,635,656
Hamilton,District 4,1998,1428,1679,1050,1117,1100,942,518,577
Hamilton,District 5,1064,1249,1539,1001,753,1120,1027,1117,704
Hamilton,District 6,1540,995,935,887,1003,755,700,784,611
Hamilton,District 7,459,513,462,610,566,709,682,754,650
Hamilton,District 8,1022,847,1141,1045,1165,1063,1109,1060,1002
Hamilton,District 9,534,535,635,857,817,724,652,553,518
Hancock,District 1,46,20,47,49,57,22,19,39,6
Hancock,District 2,20,19,35,22,33,23,12,13,22
Hancock,District 3,49,17,36,13,17,5,35,15,20
Hancock,District 4,18,0,18,58,16,34,7,10,23
Hancock,District 5,74,50,11,81,34,15,0,14,6
Hancock,District 6,114,75,16,23,52,8,7,41,17
Hancock,District 7,77,38,55,51,27,12,3,29,0
Hardeman,District 1,288,309,337,49,101,57,145,220,105
Hardeman,District 2,107,82,77,26,32,103,45,116,82
Hardeman,District 3,30,34,22,46,32,64,24,4,12
Hardeman,District 4,13,0,36,54,40,26,47,41,10
Hardeman,District 5,197,107,135,120,179,143,130,122,63
Hardeman,District 6,90,39,36,75,7,45,51,16,28
Hardeman,District 7,60,79,60,83,59,91,64,110,90
Hardeman,District 8,46,74,40,81,39,13,41,54,34
Hardin,District 1,102,37,62,87,9,63,116,46,63
Hardin,District 10,52,49,125,52,75,84,76,74,39
Hardin,District 2,86,109,35,94,69,16,78,32,38
Hardin,District 3,63,102,39,182,112,57,21,35,48
Hardin,District 4,131,110,35,82,163,48,31,89,34
Hardin,District 5,106,17,47,90,114,66,74,19,13
Hardin,District 6,57,0,43,55,52,46,77,88,48
Hardin,District 7,28,61,90,45,56,78,42,17,43
Hardin,District 8,86,15,61,129,99,41,46,43,27
Hardin,District 9,243,122,60,37,33,17,121,47,17
Hawkins,District 1,247,200,296,273,178,213,105,246,116
Hawkins,District 2,330,241,231,232,199,127,213,138,127
Hawkins,District 3,261,176,262,287,284,252,213,166,109
Hawkins,District 4,178,193,251,234,229,227,249,147,114
Hawkins,District 5,228,243,147,321,106,119,261,95,243
Hawkins,District 6,375,171,274,174,256,166,86,184,122
Hawkins,District 7,420,196,152,251,312,178,241,266,199
Haywood,District 1,196,73,54,127,37,14,51,8,41
Haywood,District 10,71,15,17,59,29,55,16,13,15
Haywood,District 2,84,32,30,81,114,71,19,36,25
Haywood,District 3,71,34,107,95,27,45,11,12,4
Haywood,District 4,78,34,55,57,19,34,95,27,36
Haywood,District 5,24,21,20,13,41,21,12,44,17
Haywood,District 6,8,49,18,15,48,79,39,13,27
Haywood,District 7,117,36,11,17,85,113,83,65,44
Haywood,District 8,46,79,81,91,62,14,35,19,47
Haywood,District 9,224,12,53,59,46,44,15,45,46
Henderson,District 1,117,113,47,135,122,22,126,105,88
Henderson,District 2,44,98,91,31,189,11,48,104,26
Henderson,District 3,53,154,29,234,91,133,70,90,42
Henderson,District 4,202,48,148,87,142,137,46,55,26
Henderson,District 5,184,135,91,55,129,150,0,33,42
Henderson,District 6,130,101,95,63,105,166,0,29,56
Henderson,District 7,119,150,97,115,121,94,175,66,82
Henry,District 1,113,246,201,168,178,242,120,124,76
Henry,District 2,134,211,219,102,314,167,124,150,138
Henry,District 3,176,140,281,178,77,87,113,203,209
Henry,District 4,282,202,150,308,145,132,132,170,80
Henry,District 5,279,257,384,222,171,238,123,123,38
Hickman,District 1,122,181,29,37,84,48,97,37,24
Hickman,District 2,29,28,112,34,90,40,99,115,135
Hickman,District 3,0,74,141,15,256,16,33,113,84
Hickman,District 4,65,15,98,55,39,15,66,172,49
Hickman,District 5,91,75,82,33,63,99,78,68,44
Hickman,District 6,92,195,57,123,103,116,106,78,55
Hickman,District 7,88,105,88,116,44,116,30,81,86
Houston,District 1,99,35,30,12,47,32,18,11,18
Houston,District 2,49,26,54,13,26,22,28,32,22
Houston,District 3,50,46,8,27,42,21,40,36,52
Houston,District 4,39,42,20,26,22,21,8,71,12
Houston,District 5,19,15,0,34,10,8,0,0,6
Houston,District 6,6,17,42,30,6,23,10,9,28
Houston,District 7,91,0,21,47,31,0,12,31,21
Humphreys,District 1,40,29,46,95,66,78,43,148,37
Humphreys,District 2,63,72,57,41,19,38,116,95,67
Humphreys,District 3,94,117,47,140,151,50,84,30,81
Humphreys,District 4,61,38,27,17,48,39,23,53,21
Humphreys,District 5,104,19,44,65,26,44,38,41,89
Humphreys,District 6,59,74,37,108,45,38,41,49,12
Humphreys,District 7,128,62,36,27,3,9,102,34,143
Jackson,District 1,83,89,75,37,74,16,23,61,25
Jackson,District 2,102,64,107,77,49,87,47,15,39
Jackson,District 3,89,113,86,11,64,51,54,31,33
Jackson,District 4,12,61,71,95,37,88,12,75,20
Jackson,District 5,63,66,101,50,34,32,42,43,12
Jackson,District 6,80,65,35,54,21,34,41,37,73
Jefferson,District 1,45,83,105,95,105,125,196,107,94
Jefferson,District 10,179,56,90,151,108,166,32,120,41
Jefferson,District 2,31,66,208,87,112,122,89,147,17
Jefferson,District 3,153,236,200,195,126,171,201,156,84
Jefferson,District 4,154,130,157,212,60,115,24,71,131
Jefferson,District 5,47,63,77,40,75,58,139,87,183
Jefferson,District 6,29,55,132,178,171,35,92,15,136
Jefferson,District 7,149,95,232,92,175,107,129,85,209
Jefferson,District 8,72,89,131,111,70,203,133,55,111
Jefferson,District 9,148,154,134,119,57,154,123,19,110
Johnson,District 1,228,192,119,125,109,75,58,151,85
Johnson,District 2,37,29,73,37,13,83,0,53,0
Johnson,District 3,247,162,74,64,72,103,76,81,70
Johnson,District 4,88,22,45,42,79,39,134,77,23
Johnson,District 5,46,28,85,73,65,28,33,72,77
Johnson,District 6,72,73,53,28,36,30,51,42,25
Johnson,District 7,160,119,56,51,108,35,45,23,4
Knox,District 1,4149,1860,2096,2154,1505,1313,1119,909,933
Knox,District 2,1930,1645,1688,1537,1625,1586,1424,1181,1277
Knox,District 3,940,857,869,939,898,1058,1060,1180,975
Knox,District 4,1244,697,935,819,792,1057,837,922,770
Knox,District 5,431,342,199,541,384,465,685,368,428
Knox,District 6,906,450,556,915,676,800,758,908,739
Knox,District 7,1142,707,528,894,867,873,797,837,624
Knox,District 8,859,656,1033,965,871,1004,988,1292,901
Knox,District 9,1651,1153,1026,1134,1049,943,888,811,653
Lake,District 1,0,0,0,0,35,10,16,0,0
Lake,District 2,221,155,52,88,66,38,5,69,34
Lake,District 3,135,61,105,73,26,52,67,45,20
Lauderdale,District 1,129,77,138,109,117,43,87,60,98
Lauderdale,District 2,116,135,76,81,45,63,124,48,49
Lauderdale,District 3,122,152,133,106,119,144,68,103,29
Lauderdale,District 4,242,96,65,116,67,58,34,13,75
Lauderdale,District 5,47,9,33,16,5,12,36,56,5
Lauderdale,District 6,58,46,51,103,71,89,98,29,83
Lauderdale,District 7,88,131,71,106,125,82,18,51,52
Lauderdale,District 8,125,162,55,81,11,115,144,143,78
Lawrence,District 1,92,69,97,54,35,53,49,43,37
Lawrence,District 10,32,55,103,38,0,32,0,77,50
Lawrence,District 11,59,7,63,35,73,53,14,96,65
Lawrence,District 12,97,31,34,44,5,16,67,92,41
Lawrence,District 13,16,44,116,93,60,82,44,27,71
Lawrence,District 14,78,60,42,38,62,24,75,49,41
Lawrence,District 15,30,82,5,53,27,101,32,41,15
Lawrence,District 16,156,138,50,59,64,40,96,45,58
Lawrence,District 17,183,228,69,89,30,54,27,99,50
Lawrence,District 18,51,64,121,82,25,34,91,64,0
Lawrence,District 2,28,56,127,74,41,54,41,64,29
Lawrence,District 3,23,43,21,36,126,64,23,56,42
Lawrence,District 4,35,32,88,52,32,19,77,97,43
Lawrence,District 5,73,53,72,41,81,26,16,55,16
Lawrence,District 6,94,27,26,40,81,67,35,39,10
Lawrence,District 7,27,38,29,30,65,114,80,69,44
Lawrence,District 8,62,24,38,24,49,37,45,33,80
Lawrence,District 9,115,84,39,72,65,101,36,15,65
Lewis,District 1,42,7,42,52,31,26,38,84,24
Lewis,District 2,37,0,98,48,15,19,12,40,71
Lewis,District 3,11,25,15,0,72,54,26,17,14
Lewis,District 4,108,0,32,51,27,69,25,16,35
Lewis,District 5,18,45,70,38,79,7,19,54,16
Lewis,District 6,81,101,38,15,32,87,75,0,0
Lewis,District 7,0,23,0,34,117,0,39,12,13
Lewis,District 8,0,44,42,48,20,36,66,26,0
Lewis,District 9,35,140,16,36,69,27,14,0,0
Lincoln,District 1,63,77,129,96,28,75,74,95,3
Lincoln,District 2,75,56,62,71,64,97,104,87,62
Lincoln,District 3,103,113,103,163,91,99,78,152,117
Lincoln,District 4,66,115,67,88,105,182,27,123,101
Lincoln,District 5,367,144,86,46,63,108,46,176,63
Lincoln,District 6,74,150,54,122,76,47,125,111,91
Lincoln,District 7,18,73,70,159,189,97,85,152,124
Lincoln,District 8,52,37,84,57,119,205,103,27,23
Loudon,District 1,164,212,314,264,163,143,170,262,116
Loudon,District 2,458,428,144,275,233,210,158,194,111
Loudon,District 3,85,23,16,61,82,87,150,23,111
Loudon,District 4,96,110,98,44,96,121,224,43,40
Loudon,District 5,133,184,106,73,298,291,190,180,226
Loudon,District 6,70,15,0,12,61,88,130,96,34
Loudon,District 7,147,59,83,85,127,140,78,166,67
Macon,District 1,141,73,107,126,75,30,91,31,22
Macon,District 10,14,117,176,33,69,98,103,43,0
Macon,District 2,68,122,43,37,133,31,63,34,88
Macon,District 3,52,86,36,11,64,93,60,41,0
Macon,District 4,26,114,54,16,154,99,126,13,13
Macon,District 5,62,33,63,79,14,61,61,40,27
Macon,District 6,80,47,31,51,10,8,45,15,40
Macon,District 7,69,88,59,50,90,85,68,71,6
Macon,District 8,0,17,36,39,12,41,19,12,0
Macon,District 9,40,115,98,42,210,205,46,21,22
Madison,District 1,507,403,326,191,152,162,124,91,116
Madison,District 10,253,210,181,265,234,339,321,329,195
Madison,District 2,477,242,312,339,222,214,230,232,260
Madison,District 3,189,34,171,126,150,157,94,216,137
Madison,District 4,235,150,218,260,314,97,207,362,359
Madison,District 5,762,327,341,406,383,296,126,226,225
Madison,District 6,101,112,348,81,238,240,107,178,134
Madison,District 7,532,280,251,207,175,98,135,164,195
Madison,District 8,93,83,99,162,173,133,112,220,152
Madison,District 9,121,112,67,178,66,146,284,193,158
Marion,District 1,284,170,104,139,79,175,160,73,79
Marion,District 2,75,159,124,98,90,100,49,139,139
Marion,District 3,297,168,137,168,135,100,80,136,82
Marion,District 4,220,46,102,83,95,220,89,99,88
Marion,District 5,189,172,147,138,122,85,128,158,73
Marshall,District 1,85,38,52,21,63,46,80,127,102
Marshall,District 2,0,59,70,159,48,55,103,76,21
Marshall,District 3,35,53,29,26,73,83,126,43,86
Marshall,District 4,117,53,30,21,56,44,48,61,37
Marshall,District 5,84,47,45,115,99,70,91,102,33
Marshall,District 6,55,51,146,86,130,100,45,79,102
Marshall,District 7,167,47,15,117,118,55,58,111,8
Marshall,District 8,71,32,74,67,85,211,64,102,27
Marshall,District 9,104,111,36,71,96,0,42,157,104
Maury,District 1,184,236,130,219,160,331,212,118,144
Maury,District 10,357,165,228,135,151,211,128,144,191
Maury,District 11,169,40,183,43,179,285,227,348,173
Maury,District 2,352,118,191,256,71,226,201,170,179
Maury,District 3,270,292,103,174,258,264,183,147,113
Maury,District 4,112,82,194,115,148,156,227,156,190
Maury,District 5,120,158,91,78,119,57,56,58,71
Maury,District 6,56,157,54,152,146,100,107,103,33
Maury,District 7,92,51,178,87,124,192,137,173,142
Maury,District 8,102,99,24,188,189,135,121,95,188
Maury,District 9,22,98,54,86,99,134,122,134,115
McMinn,District 1,632,376,480,212,167,314,263,256,77
McMinn,District 2,244,317,231,149,243,221,184,301,282
McMinn,District 3,352,213,333,349,352,329,177,185,107
McMinn,District 4,252,373,398,308,267,109,237,154,229
McMinn,District 5,291,197,171,402,154,208,230,90,243
McNairy,District 1,136,106,137,95,131,93,80,85,51
McNairy,District 2,136,103,144,132,75,161,40,58,43
McNairy,District 3,139,110,118,252,81,68,92,102,13
McNairy,District 4,74,108,154,82,96,67,68,58,20
McNairy,District 5,115,61,60,81,79,113,83,125,96
McNairy,District 6,119,99,137,150,48,106,62,62,44
McNairy,District 7,56,106,155,95,124,118,57,112,64
Meigs,District 1,54,80,51,39,37,59,29,48,37
Meigs,District 2,43,81,65,65,44,41,42,24,28
Meigs,District 3,138,84,65,46,140,63,75,118,28
Meigs,District 4,57,75,76,43,37,65,72,29,16
Meigs,District 5,93,67,6,14,22,38,54,37,91
Monroe,District 1,356,339,299,288,379,277,419,295,128
Monroe,District 2,395,366,288,398,346,444,165,102,148
Monroe,District 3,439,434,467,414,516,489,425,179,289
Monroe,District 4,109,116,177,95,70,108,118,52,157
Montgomery,District 1,311,30,197,117,170,155,192,422,190
Montgomery,District 10,201,91,254,80,212,226,168,205,181
Montgomery,District 11,274,29,228,195,145,188,208,156,139
Montgomery,District 12,150,124,103,185,208,296,340,242,188
Montgomery,District 13,359,121,311,201,88,270,158,169,136
Montgomery,District 14,191,140,161,123,63,254,131,108,178
Montgomery,District 15,37,62,144,14,79,30,116,87,142
Montgomery,District 16,270,136,84,141,282,159,187,209,146
Montgomery,District 17,216,79,23,66,222,211,160,194,356
Montgomery,District 18,67,24,21,135,290,173,87,341,257
Montgomery,District 19,247,87,70,73,142,67,228,92,175
Montgomery,District 2,104,133,87,79,144,101,54,89,87
Montgomery,District 20,232,74,113,302,197,174,187,188,154
Montgomery,District 21,215,120,148,261,221,189,356,113,228
Montgomery,District 3,65,92,111,107,35,64,105,94,164
Montgomery,District 4,195,138,54,162,207,140,170,200,199
Montgomery,District 5,573,331,238,288,219,211,230,200,155
Montgomery,District 6,87,65,282,63,126,116,111,101,87
Montgomery,District 7,134,153,76,61,216,111,140,126,88
Montgomery,District 8,286,172,134,176,147,223,156,336,161
Montgomery,District 9,477,103,110,147,393,293,181,121,243
Moore,District 1,44,10,22,11,7,42,0,13,19
Moore,District 2,19,8,97,5,29,5,8,0,40
Moore,District 3,0,42,28,35,40,0,8,33,20
Moore,District 4,59,11,0,61,72,21,20,32,10
Moore,District 5,9,44,0,28,0,19,47,22,64
Morgan,District 1,61,139,70,111,102,107,90,80,76
Morgan,District 2,70,149,47,157,83,62,156,1,45
Morgan,District 3,108,71,108,54,162,54,135,77,35
Morgan,District 4,178,134,204,69,78,65,66,140,55
Morgan,District 5,133,104,76,52,69,136,17,77,38
Morgan,District 6,41,17,42,46,0,30,39,29,49
Obion,District 1,189,96,99,110,104,115,109,104,94
Obion,District 2,115,80,137,192,74,128,129,107,55
Obion,District 3,93,94,60,129,119,163,80,113,71
Obion,District 4,369,284,198,247,108,57,53,95,46
Obion,District 5,106,80,79,128,64,148,114,122,62
Obion,District 6,123,174,140,129,86,137,95,118,120
Obion,District 7,140,199,215,135,102,111,193,56,112
Overton,District 1,284,195,183,92,71,234,75,48,61
Overton,District 2,139,182,101,116,93,130,152,70,54
Overton,District 3,118,193,213,118,114,123,86,41,96
Overton,District 4,87,204,119,108,189,80,121,108,81
Overton,District 5,121,116,128,79,159,155,114,47,14
Perry,District 1,34,5,58,39,43,11,7,18,17
Perry,District 2,90,28,18,22,84,45,10,14,31
Perry,District 3,98,41,32,19,45,29,0,34,7
Perry,District 4,43,27,9,0,22,17,0,40,23
Perry,District 5,124,35,58,37,4,29,50,12,11
Perry,District 6,63,32,73,13,53,40,16,44,43
Pickett,District 1,66,111,39,26,74,61,18,15,11
Pickett,District 2,19,25,59,18,9,60,11,3,35
Pickett,District 3,91,82,0,30,46,45,52,107,44
Pickett,District 4,0,48,22,54,0,43,52,38,65
Polk,District 1,175,154,104,238,163,172,166,240,33
Polk,District 2,73,85,208,38,188,261,88,181,158
Polk,District 3,202,129,153,289,162,217,100,62,106
Putnam,District 1,190,175,221,229,93,260,133,91,85
Putnam,District 10,375,177,228,217,199,219,88,120,313
Putnam,District 11,173,59,222,157,142,308,138,104,71
Putnam,District 12,374,198,139,182,47,195,181,120,250
Putnam,District 2,157,159,122,136,146,113,135,135,135
Putnam,District 3,716,177,335,307,95,78,101,95,106
Putnam,District 4,116,199,273,138,103,136,84,87,81
Putnam,District 5,120,17,160,186,54,154,114,5,165
Putnam,District 6,419,193,239,153,187,224,145,145,122
Putnam,District 7,72,163,158,171,132,285,178,118,205
Putnam,District 8,197,124,237,178,140,168,50,185,101
Putnam,District 9,86,158,79,100,146,154,130,110,85
Rhea,District 1,184,72,50,102,161,59,131,58,66
Rhea,District 2,152,129,124,156,58,82,61,65,47
Rhea,District 3,71,78,54,123,133,47,25,48,81
Rhea,District 4,94,183,48,75,42,66,81,12,69
Rhea,District 5,185,74,68,156,60,23,101,14,27
Rhea,District 6,165,54,109,61,182,27,43,60,50
Rhea,District 7,65,72,80,80,143,163,34,129,99
Rhea,District 8,47,85,52,56,72,134,60,56,16
Rhea,District 9,131,111,137,87,155,72,30,75,27
Roane,District 1,281,407,277,186,244,242,187,232,90
Roane,District 2,498,356,169,211,227,346,237,246,109
Roane,District 3,42,186,165,0,109,25,42,102,59
Roane,District 4,177,136,77,71,75,107,20,121,160
Roane,District 5,86,31,54,59,92,97,32,43,69
Roane,District 6,223,250,310,156,171,286,54,224,121
Roane,District 7,236,85,256,104,70,60,136,200,92
Robertson,District 1,44,115,87,112,60,144,61,66,84
Robertson,District 10,83,10,98,121,121,122,117,119,61
Robertson,District 11,116,53,63,66,30,128,53,123,58
Robertson,District 12,406,188,195,143,197,128,100,59,24
Robertson,District 2,83,106,11,149,35,99,0,125,39
Robertson,District 3,55,49,20,142,108,110,81,102,64
Robertson,District 4,50,68,105,85,150,98,22,63,110
Robertson,District 5,147,56,55,117,122,173,95,16,126
Robertson,District 6,0,28,61,0,3,119,267,81,70
Robertson,District 7,29,40,102,43,57,77,127,140,88
Robertson,District 8,32,55,97,136,108,83,221,116,37
Robertson,District 9,103,41,58,87,148,118,53,213,152
Rutherford,District 1,56,87,101,34,110,190,165,287,300
Rutherford,District 10,73,118,120,42,206,195,91,256,225
Rutherford,District 11,269,410,278,248,339,332,290,406,314
Rutherford,District 12,189,176,86,301,374,338,184,214,307
Rutherford,District 13,139,129,163,128,74,243,198,192,204
Rutherford,District 14,200,96,155,36,161,128,185,173,242
Rutherford,District 15,281,85,81,221,392,204,204,243,222
Rutherford,District 16,311,304,465,181,294,301,428,320,331
Rutherford,District 17,532,225,298,172,371,240,192,89,135
Rutherford,District 18,436,192,275,355,216,197,270,319,169
Rutherford,District 19,65,123,181,143,137,245,236,238,338
Rutherford,District 2,284,102,190,139,159,59,150,112,123
Rutherford,District 20,66,40,60,128,158,288,79,413,104
Rutherford,District 21,199,406,345,307,315,516,479,272,369
Rutherford,District 3,228,59,212,155,108,126,210,349,168
Rutherford,District 4,302,212,188,249,278,208,322,216,292
Rutherford,District 5,143,149,257,136,207,136,269,325,257
Rutherford,District 6,200,117,32,118,106,271,271,373,350
Rutherford,District 7,255,109,183,98,300,175,126,236,327
Rutherford,District 8,115,94,160,20,124,159,299,211,147
Rutherford,District 9,47,73,155,198,239,137,124,149,216
Scott,District 1,153,51,112,59,60,108,46,71,75
Scott,District 2,100,38,25,110,11,71,37,29,40
Scott,District 3,128,97,121,108,46,71,87,27,76
Scott,District 4,118,99,15,158,83,69,35,112,10
Scott,District 5,69,71,107,147,61,107,67,61,60
Scott,District 6,260,107,147,208,67,56,110,90,0
Scott,District 7,188,91,80,85,70,80,33,50,80
Sequatchie,District 1,0,24,44,12,62,4,78,24,0
Sequatchie,District 2,40,4,42,75,37,29,0,44,21
Sequatchie,District 3,89,18,75,52,36,30,73,62,17
Sequatchie,District 4,0,31,66,72,35,56,0,0,29
Sequatchie,District 5,14,39,34,47,11,14,21,60,13
Sequatchie,District 6,52,83,48,63,35,23,21,35,14
Sequatchie,District 7,40,19,60,35,13,22,55,0,62
Sequatchie,District 8,22,23,68,14,29,43,12,0,20
Sequatchie,District 9,54,59,72,33,32,40,47,8,6
Sevier,District 1,93,125,86,161,326,84,140,160,190
Sevier,District 10,260,95,137,138,177,181,170,82,247
Sevier,District 11,225,313,110,258,143,237,242,162,102
Sevier,District 2,232,102,182,103,168,184,215,240,87
Sevier,District 3,91,124,286,152,255,330,160,187,175
Sevier,District 4,279,74,284,317,181,189,302,355,340
Sevier,District 5,343,181,298,315,324,393,196,240,196
Sevier,District 6,149,153,139,74,142,216,87,159,121
Sevier,District 7,157,120,81,293,259,104,209,69,152
Sevier,District 8,152,148,287,158,74,200,357,166,223
Sevier,District 9,40,239,171,288,91,158,262,203,89
Shelby,District 1,1047,680,858,841,683,868,1017,851,1170
Shelby,District 10,1916,1505,1307,1737,1468,1411,1444,1328,920
Shelby,District 11,2828,2443,2394,2044,1630,2000,1282,1485,1264
Shelby,District 12,2366,2075,1819,1857,1512,1993,1591,1463,1242
Shelby,District 13,1733,922,1636,1598,1711,1851,1780,1564,1397
Shelby,District 2,830,326,345,721,611,473,441,744,1012
Shelby,District 3,602,503,505,646,621,972,757,932,727
Shelby,District 4,1122,347,478,708,973,767,822,1283,966
Shelby,District 5,1178,943,1056,1197,1438,1713,1583,1272,1125
Shelby,District 6,2853,2128,2380,2059,1828,1811,1310,1392,1280
Shelby,District 7,4339,2785,2323,1857,1731,1486,1346,1202,1035
Shelby,District 8,5362,3181,2161,1652,1674,1335,1266,1054,874
Shelby,District 9,3958,2821,2482,1963,1659,1497,1386,1281,1174
Smith,District 1,122,78,52,42,62,41,40,21,41
Smith,District 2,69,54,70,55,8,97,68,29,19
Smith,District 3,42,30,52,84,57,106,82,35,138
Smith,District 4,51,69,64,15,69,16,73,49,124
Smith,District 5,39,43,34,35,53,89,70,19,38
Smith,District 6,88,50,45,96,34,71,96,57,50
Smith,District 7,64,64,66,71,53,54,10,75,43
Smith,District 8,46,46,64,30,41,24,60,50,12
Stewart,District 1,28,0,30,83,0,59,93,116,66
Stewart,District 2,106,37,0,44,52,43,58,40,20
Stewart,District 3,0,13,0,35,28,40,135,15,39
Stewart,District 4,38,36,51,63,19,62,32,58,36
Stewart,District 5,32,46,63,59,26,36,35,50,37
Stewart,District 6,72,43,67,40,13,57,48,45,20
Stewart,District 7,41,43,81,103,72,26,26,18,38
Sullivan,District 1,174,233,256,217,159,154,86,43,111
Sullivan,District 10,441,209,278,498,232,382,314,280,217
Sullivan,District 11,966,772,817,621,554,730,436,437,399
Sullivan,District 2,792,577,605,533,449,405,645,398,241
Sullivan,District 3,205,263,235,205,140,242,180,74,171
Sullivan,District 4,365,361,465,509,363,382,400,530,422
Sullivan,District 5,261,473,248,359,307,449,433,308,280
Sullivan,District 6,595,256,272,408,533,376,721,312,336
Sullivan,District 7,194,157,136,506,275,157,248,229,170
Sullivan,District 8,355,241,314,266,448,305,275,218,265
Sullivan,District 9,567,434,318,309,399,299,416,297,167
Sumner,District 1,360,217,242,199,312,283,236,318,203
Sumner,District 10,289,121,73,72,124,240,307,133,138
Sumner,District 11,151,90,131,249,244,193,159,290,164
Sumner,District 12,100,119,245,163,237,204,335,340,151
Sumner,District 2,215,310,274,231,224,291,262,385,218
Sumner,District 3,232,64,274,144,239,202,209,242,218
Sumner,District 4,323,227,267,269,311,318,292,233,238
Sumner,District 5,348,407,517,332,243,428,276,259,326
Sumner,District 6,106,180,74,150,191,229,89,370,262
Sumner,District 7,217,133,73,182,167,200,266,201,225
Sumner,District 8,159,109,133,265,264,355,204,334,367
Sumner,District 9,51,31,229,110,79,163,273,181,217
Tipton,District 1,357,151,277,134,156,232,184,82,66
Tipton,District 2,173,267,77,124,124,165,245,177,77
Tipton,District 3,169,152,79,75,158,132,116,164,131
Tipton,District 4,26,24,20,105,58,114,73,88,164
Tipton,District 5,143,0,129,82,101,175,126,30,161
Tipton,District 6,123,54,104,67,150,178,136,67,73
Tipton,District 7,112,61,49,12,137,56,77,40,58
Tipton,District 8,94,112,43,72,31,101,78,37,114
Tipton,District 9,96,72,75,92,110,42,102,221,37
Trousdale,District 1,4,12,9,5,0,19,15,21,5
Trousdale,District 10,14,51,33,0,0,0,41,18,0
Trousdale,District 2,39,0,68,23,0,0,0,12,0
Trousdale,District 3,13,0,23,43,0,53,15,0,0
Trousdale,District 4,9,2,9,0,0,3,0,50,27
Trousdale,District 5,0,17,9,12,12,0,0,20,19
Trousdale,District 6,0,12,13,18,9,0,0,0,13
Trousdale,District 7,55,14,40,52,66,22,39,20,0
Trousdale,District 8,0,14,15,27,0,57,0,69,0
Trousdale,District 9,9,3,7,14,36,9,0,0,30
Unicoi,District 1,222,159,250,166,279,113,144,70,111
Unicoi,District 2,222,221,149,162,167,95,136,153,218
Unicoi,District 3,216,144,149,200,215,167,129,181,88
Union,District 1,175,107,66,39,98,122,77,132,73
Union,District 2,67,70,48,64,94,13,41,15,61
Union,District 3,81,69,18,144,108,56,104,34,32
Union,District 4,49,61,33,34,11,74,80,68,13
Union,District 5,123,132,0,7,63,52,9,58,55
Union,District 6,50,81,79,45,101,47,115,22,52
Union,District 7,36,45,108,50,53,77,42,73,26
Van Buren,District 1,34,45,18,34,4,20,36,15,31
Van Buren,District 2,7,7,25,23,0,67,9,5,11
Van Buren,District 3,45,6,35,46,58,34,9,27,0
Van Buren,District 4,44,0,66,30,44,65,13,17,16
Van Buren,District 5,31,36,39,42,5,20,33,12,13
Warren,District 1,119,111,63,57,219,137,83,90,70
Warren,District 10,59,179,45,79,48,60,58,87,30
Warren,District 11,68,22,63,86,19,9,170,49,54
Warren,District 12,53,154,97,68,79,69,93,81,88
Warren,District 2,0,37,51,21,67,97,87,88,112
Warren,District 3,251,89,75,65,63,99,16,157,36
Warren,District 4,93,122,205,103,48,25,78,52,64
Warren,District 5,136,156,92,87,47,101,137,93,15
Warren,District 6,176,238,83,117,82,128,107,74,76
Warren,District 7,137,62,24,90,119,81,98,51,71
Warren,District 8,102,148,125,98,54,38,58,75,32
Warren,District 9,92,94,93,71,52,140,77,70,27
Washington,District 1,255,167,325,464,345,209,377,200,253
Washington,District 10,145,123,103,133,78,95,38,165,138
Washington,District 2,948,624,464,850,287,627,335,258,168
Washington,District 3,552,188,453,321,462,601,432,156,318
Washington,District 4,839,620,615,371,265,366,316,372,238
Washington,District 5,688,436,292,351,448,180,198,189,313
Washington,District 6,258,291,304,208,225,254,272,285,307
Washington,District 7,274,143,248,402,317,354,162,352,248
Washington,District 8,128,320,126,305,217,293,204,184,181
Washington,District 9,297,144,178,261,283,297,292,128,160
Wayne,District 1,114,60,63,58,41,48,38,14,26
Wayne,District 2,31,21,29,26,21,12,19,17,29
Wayne,District 3,60,42,44,81,80,75,27,41,38
Wayne,District 4,138,73,74,73,44,64,83,36,40
Wayne,District 5,51,120,19,171,25,90,12,86,35
Wayne,District 6,139,94,12,48,33,71,17,120,7
Wayne,District 7,17,56,78,16,109,42,14,73,0
Weakley,District 1,73,123,96,137,168,150,66,66,55
Weakley,District 2,176,96,138,118,87,154,45,132,30
Weakley,District 3,117,208,120,161,108,59,80,60,97
Weakley,District 4,128,73,95,62,75,156,64,135,157
Weakley,District 5,221,80,157,203,39,124,60,33,131
Weakley,District 6,165,92,104,116,52,59,31,14,5
Weakley,District 7,91,73,60,118,84,156,145,47,84
Weakley,District 8,191,128,68,95,140,127,84,71,39
Weakley,District 9,55,136,110,129,65,70,70,86,83
White,District 1,125,87,137,98,95,150,34,38,116
White,District 2,51,130,209,100,59,51,95,169,42
White,District 3,151,98,54,29,21,96,76,98,58
White,District 4,135,77,128,108,145,89,68,93,40
White,District 5,98,57,64,72,78,103,149,92,140
White,District 6,165,121,186,165,53,172,64,67,86
White,District 7,82,64,12,96,104,130,94,31,38
Williamson,District 1,236,134,199,153,159,248,153,235,302
Williamson,District 10,164,44,187,77,160,275,275,234,216
Williamson,District 11,282,72,279,225,218,252,262,142,149
Williamson,District 12,271,170,199,317,182,116,222,210,165
Williamson,District 2,161,217,40,109,170,52,154,197,69
Williamson,District 3,18,70,82,207,0,148,213,218,110
Williamson,District 4,156,28,65,63,71,76,40,128,126
Williamson,District 5,169,28,96,60,21,66,147,97,167
Williamson,District 6,73,23,31,18,67,14,18,81,20
Williamson,District 7,126,26,117,99,53,65,80,105,79
Williamson,District 8,66,102,77,158,47,100,182,323,177
Williamson,District 9,77,137,108,91,96,95,181,185,114
Wilson,District 1,34,16,49,0,47,52,29,109,24
Wilson,District 10,43,14,30,44,77,16,47,39,132
Wilson,District 11,128,121,63,43,57,66,152,92,37
Wilson,District 12,74,93,27,62,40,88,16,132,122
Wilson,District 13,23,3,42,47,95,54,51,62,53
Wilson,District 14,105,37,0,116,28,82,0,39,33
Wilson,District 15,11,17,72,126,49,189,92,157,75
Wilson,District 16,50,84,25,57,35,0,38,151,99
Wilson,District 17,47,150,52,67,75,102,192,88,51
Wilson,District 18,16,17,24,62,94,117,83,46,18
Wilson,District 19,168,79,22,40,125,55,217,194,40
Wilson,District 2,61,0,10,0,8,13,43,44,5
Wilson,District 20,114,119,134,186,62,58,79,79,19
Wilson,District 21,55,37,90,144,171,141,117,86,97
Wilson,District 22,135,81,111,49,41,54,35,55,84
Wilson,District 23,20,15,18,18,139,35,63,137,0
Wilson,District 24,54,153,185,167,80,195,180,71,86
Wilson,District 25,24,0,27,9,19,105,83,171,26
Wilson,District 3,149,0,34,45,145,86,46,35,100
Wilson,District 4,96,48,0,115,237,21,113,168,38
Wilson,District 5,68,65,16,67,32,70,213,67,55
Wilson,District 6,30,31,36,25,88,33,40,86,72
Wilson,District 7,105,116,88,23,48,77,111,85,106
Wilson,District 8,36,41,0,27,0,27,47,69,26
Wilson,District 9,149,54,63,77,60,76,45,70,51
