districts,district total:,"Less than 10,000","10,000 to 14,999","15,000 to 19,999","20,000 to 24,999","25,000 to 29,999","30,000 to 34,999","35,000 to 39,999","40,000 to 44,999","45,000 to 49,999","50,000 to 59,999","60,000 to 74,999","75,000 to 99,999","100,000 to 124,999","125,000 to 149,999","150,000 to 199,999","200,000 or more"
"District 4, Shelby County, TN",29577,1122,347,478,708,973,767,822,1283,966,1843,2976,3955,3477,2560,2771,4529
"District 10, Shelby County, TN",29523,1916,1505,1307,1737,1468,1411,1444,1328,920,2591,2489,3442,2170,1191,1666,2938
"District 9, Shelby County, TN",28460,3958,2821,2482,1963,1659,1497,1386,1281,1174,1969,1995,2189,1137,823,897,1229
"District 8, Shelby County, TN",28407,5362,3181,2161,1652,1674,1335,1266,1054,874,1914,2082,2058,1146,551,923,1174
"District 2, Shelby County, TN",27837,830,326,345,721,611,473,441,744,1012,1735,2874,4127,3106,2678,3415,4399
"District 13, Shelby County, TN",27391,1733,922,1636,1598,1711,1851,1780,1564,1397,2426,2773,3106,2261,1290,933,410
"District 7, Shelby County, TN",26882,4339,2785,2323,1857,1731,1486,1346,1202,1035,1930,1830,1952,1143,742,539,642
"District 11, Shelby County, TN",26340,2828,2443,2394,2044,1630,2000,1282,1485,1264,1963,2220,2295,1124,600,402,366
"District 5, Shelby County, TN",26200,1178,943,1056,1197,1438,1713,1583,1272,1125,2157,2912,3075,2537,1201,1428,1385
"District 3, Shelby County, TN",26083,602,503,505,646,621,972,757,932,727,1681,3071,4241,3788,2381,2773,1883
"District 6, Shelby County, TN",25331,2853,2128,2380,2059,1828,1811,1310,1392,1280,2063,2238,2016,875,453,388,257
"District 12, Shelby County, TN",24836,2366,2075,1819,1857,1512,1993,1591,1463,1242,2370,2242,2061,1264,541,289,151
"District 1, Shelby County, TN",24327,1047,680,858,841,683,868,1017,851,1170,2602,3232,3710,2285,1943,1523,1017
"District 2, Knox County, TN",23708,1930,1645,1688,1537,1625,1586,1424,1181,1277,1855,2618,2359,1358,567,551,507
"District 6, Knox County, TN",22260,906,450,556,915,676,800,758,908,739,2068,2046,3719,3154,1607,1678,1280
"District 4, Knox County, TN",22030,1244,697,935,819,792,1057,837,922,770,1567,1754,2569,1802,1372,1940,2953
"District 1, Knox County, TN",21569,4149,1860,2096,2154,1505,1313,1119,909,933,1503,1252,1316,599,301,245,315
"District 3, Knox County, TN",21413,940,857,869,939,898,1058,1060,1180,975,1769,2307,3400,2301,964,1089,807
"District 5, Knox County, TN",20651,431,342,199,541,384,465,685,368,428,1390,1771,3030,2701,1915,2585,3416
"District 7, Knox County, TN",19611,1142,707,528,894,867,873,797,837,624,1492,2479,3186,2252,1319,1040,574
"District 8, Knox County, TN",18858,859,656,1033,965,871,1004,988,1292,901,1624,1858,2966,1507,1031,868,435
"District 8, Hamilton County, TN",18661,1022,847,1141,1045,1165,1063,1109,1060,1002,1888,2195,2217,1161,684,643,419
"District 9, Hamilton County, TN",17909,534,535,635,857,817,724,652,553,518,1675,1867,2546,2551,1350,1128,967
"District 9, Knox County, TN",17219,1651,1153,1026,1134,1049,943,888,811,653,1448,1798,2134,1078,474,522,457
"District 7, Hamilton County, TN",16672,459,513,462,610,566,709,682,754,650,985,1373,2311,2462,1355,1252,1529
"District 6, Hamilton County, TN",16313,1540,995,935,887,1003,755,700,784,611,1194,1222,1669,1166,664,865,1323
"District 3, Hamilton County, TN",16143,688,634,597,549,645,856,693,635,656,1184,1795,2329,1734,1157,964,1027
"District 5, Hamilton County, TN",16061,1064,1249,1539,1001,753,1120,1027,1117,704,1447,1497,1715,814,359,305,350
"District 2, Hamilton County, TN",14680,619,469,516,646,649,696,701,614,642,961,1473,1649,1349,855,1074,1767
"District 1, Hamilton County, TN",14539,721,822,734,629,695,735,797,694,701,1245,1525,1983,904,719,773,862
"District 4, Hamilton County, TN",14235,1998,1428,1679,1050,1117,1100,942,518,577,902,852,1013,394,318,124,223
"District 19, Davidson County, TN",11000,1697,426,497,441,412,288,374,298,276,722,991,1481,753,554,764,1026
"District 32, Davidson County, TN",10774,454,358,270,574,456,531,559,676,820,1303,1912,1525,614,368,274,80
"District 31, Davidson County, TN",9996,206,155,169,289,204,304,490,467,394,900,1086,1601,1675,698,538,820
"District 22, Davidson County, TN",9768,255,308,327,451,285,369,369,426,556,1049,1100,1589,1269,463,517,435
"District 14, Davidson County, TN",9701,532,245,414,365,572,660,410,508,467,1156,1248,1343,798,481,249,253
"District 24, Davidson County, TN",9359,336,329,298,168,241,446,214,426,307,571,544,1191,1069,771,860,1588
"District 7, Davidson County, TN",8923,620,359,572,534,334,391,595,427,447,458,828,1136,934,298,542,448
"District 4, Davidson County, TN",8686,210,151,211,105,269,187,248,348,331,681,600,1186,956,974,1101,1128
"District 12, Davidson County, TN",8612,284,245,358,228,449,201,478,184,393,575,994,1404,952,586,764,517
"District 11, Sullivan County, TN",8590,966,772,817,621,554,730,436,437,399,496,757,755,319,177,223,131
"District 21, Davidson County, TN",8387,1250,695,406,584,387,559,413,346,411,881,651,714,407,217,238,228
"District 2, Sullivan County, TN",8362,792,577,605,533,449,405,645,398,241,753,739,939,552,259,312,163
"District 11, Davidson County, TN",8345,275,237,254,375,498,376,429,571,423,558,1184,1293,645,438,565,224
"District 6, Davidson County, TN",8223,730,527,372,446,236,306,315,265,272,646,729,734,767,490,740,648
"District 17, Davidson County, TN",8189,1232,438,408,580,285,340,395,353,168,527,702,872,413,375,372,729
"District 6, Sullivan County, TN",8174,595,256,272,408,533,376,721,312,336,882,835,842,710,276,440,380
"District 29, Davidson County, TN",8141,246,259,322,410,418,502,209,760,593,901,856,1421,548,305,241,150
"District 25, Davidson County, TN",8097,220,145,169,137,224,479,237,179,317,414,599,828,827,549,943,1830
"District 12, Williamson County, TN",8046,271,170,199,317,182,116,222,210,165,431,399,1046,991,1176,985,1166
"District 2, Davidson County, TN",8041,1197,553,775,373,545,580,443,293,281,652,740,815,361,195,175,63
"District 15, Davidson County, TN",8020,281,183,273,315,251,357,459,374,305,992,1150,1331,680,501,346,222
"District 4, Sullivan County, TN",8020,365,361,465,509,363,382,400,530,422,770,933,1103,576,318,221,302
"District 9, Davidson County, TN",7993,320,568,509,689,539,357,502,421,411,836,935,1052,458,151,183,62
"District 27, Davidson County, TN",7804,401,387,272,276,440,346,387,317,422,785,1022,1328,561,353,302,205
"District 33, Davidson County, TN",7754,293,94,194,263,195,263,348,290,270,753,918,1606,1234,521,384,128
"District 34, Davidson County, TN",7667,112,91,166,162,118,201,135,218,209,232,464,698,498,686,863,2814
"District 10, Davidson County, TN",7609,393,237,244,407,476,362,534,293,535,845,755,1211,618,298,220,181
"District 3, Davidson County, TN",7606,689,325,290,458,349,419,369,329,300,495,1065,986,587,363,337,245
"District 16, Davidson County, TN",7575,576,463,323,368,946,416,602,475,343,490,502,844,670,324,162,71
"District 20, Davidson County, TN",7477,768,410,247,423,445,326,181,516,280,517,897,966,672,350,251,228
"District 4, Blount County, TN",7474,302,124,501,291,334,402,616,281,292,631,775,1018,863,248,501,295
"District 23, Davidson County, TN",7454,320,224,192,88,163,149,186,259,230,415,518,1081,907,441,517,1764
"District 26, Davidson County, TN",7439,323,305,403,399,272,345,249,464,277,740,762,1102,511,531,354,402
"District 3, Washington County, TN",7351,552,188,453,321,462,601,432,156,318,634,659,838,614,228,299,596
"District 8, Davidson County, TN",7327,334,276,382,343,564,483,440,377,583,749,765,831,623,251,168,158
"District 13, Davidson County, TN",7268,269,315,256,230,335,521,395,455,590,689,892,977,659,208,268,209
"District 2, Williamson County, TN",7192,161,217,40,109,170,52,154,197,69,360,357,1257,1008,872,703,1466
"District 4, Williamson County, TN",7182,156,28,65,63,71,76,40,128,126,215,529,868,984,754,1104,1975
"District 2, Washington County, TN",7076,948,624,464,850,287,627,335,258,168,578,446,679,289,204,194,125
"District 28, Davidson County, TN",6964,340,264,393,386,510,475,440,408,373,729,771,800,501,323,121,130
"District 20, Rutherford County, TN",6851,66,40,60,128,158,288,79,413,104,544,820,1144,1006,938,625,438
"District 35, Davidson County, TN",6810,207,56,121,81,107,179,117,217,194,384,461,924,1109,714,1002,937
"District 1, Davidson County, TN",6806,439,376,376,295,193,445,367,282,313,499,686,1038,548,302,306,341
"District 4, Sumner County, TN",6791,323,227,267,269,311,318,292,233,238,602,900,898,576,628,363,346
"District 9, Williamson County, TN",6776,77,137,108,91,96,95,181,185,114,198,598,759,723,636,1201,1577
"District 5, Williamson County, TN",6737,169,28,96,60,21,66,147,97,167,185,473,501,798,598,1308,2023
"District 6, Sumner County, TN",6594,106,180,74,150,191,229,89,370,262,364,719,854,1034,476,571,925
"District 8, Williamson County, TN",6587,66,102,77,158,47,100,182,323,177,435,594,787,649,483,745,1662
"District 5, Davidson County, TN",6580,307,240,295,508,377,306,553,368,362,575,693,744,382,458,285,127
"District 16, Rutherford County, TN",6531,311,304,465,181,294,301,428,320,331,522,794,1126,619,292,141,102
"District 30, Davidson County, TN",6506,267,157,325,518,550,461,587,393,274,738,680,858,363,213,74,48
"District 1, Washington County, TN",6480,255,167,325,464,345,209,377,200,253,339,454,686,744,452,605,605
"District 8, Rutherford County, TN",6437,115,94,160,20,124,159,299,211,147,398,905,1265,1039,499,493,509
"District 7, Rutherford County, TN",6422,255,109,183,98,300,175,126,236,327,631,745,1219,831,404,519,264
"District 11, Williamson County, TN",6311,282,72,279,225,218,252,262,142,149,685,519,720,506,521,566,913
"District 7, Washington County, TN",6235,274,143,248,402,317,354,162,352,248,533,913,845,561,400,335,148
"District 7, Sumner County, TN",6218,217,133,73,182,167,200,266,201,225,305,657,878,689,624,737,664
"District 10, Williamson County, TN",6114,164,44,187,77,160,275,275,234,216,420,646,532,735,675,647,827
"District 1, Bradley County, TN",6076,249,360,206,205,390,460,165,321,196,412,625,869,637,435,229,317
"District 11, Rutherford County, TN",6052,269,410,278,248,339,332,290,406,314,519,774,759,616,254,177,67
"District 6, Bradley County, TN",6051,232,633,443,276,166,318,226,265,234,524,623,827,512,342,269,161
"District 4, Washington County, TN",6025,839,620,615,371,265,366,316,372,238,438,659,287,281,97,101,160
"District 1, Williamson County, TN",5989,236,134,199,153,159,248,153,235,302,355,709,961,730,424,603,388
"District 5, Sullivan County, TN",5926,261,473,248,359,307,449,433,308,280,496,635,557,325,248,297,250
"District 7, Williamson County, TN",5883,126,26,117,99,53,65,80,105,79,156,374,451,522,449,920,2261
"District 2, Bradley County, TN",5840,109,204,179,182,300,73,239,301,460,483,716,872,747,421,400,154
"District 9, Sullivan County, TN",5767,567,434,318,309,399,299,416,297,167,414,695,721,290,135,141,165
"District 6, Washington County, TN",5730,258,291,304,208,225,254,272,285,307,561,627,937,570,275,177,179
"District 8, Sumner County, TN",5718,159,109,133,265,264,355,204,334,367,752,879,801,447,269,254,126
"District 3, Bradley County, TN",5717,524,433,389,460,374,193,420,515,275,514,315,356,369,243,146,191
"District 3, Williamson County, TN",5675,18,70,82,207,0,148,213,218,110,394,495,792,934,1069,540,385
"District 7, Bradley County, TN",5641,459,196,213,322,339,362,321,316,243,558,550,732,348,246,229,207
"District 6, Rutherford County, TN",5623,200,117,32,118,106,271,271,373,350,599,735,921,489,513,356,172
"District 10, Sullivan County, TN",5547,441,209,278,498,232,382,314,280,217,566,611,579,301,285,163,191
"District 3, Monroe County, TN",5499,439,434,467,414,516,489,425,179,289,411,436,496,208,154,80,62
"District 12, Sumner County, TN",5496,100,119,245,163,237,204,335,340,151,403,495,956,738,369,415,226
"District 9, Rutherford County, TN",5481,47,73,155,198,239,137,124,149,216,311,646,910,801,441,658,376
"District 18, Davidson County, TN",5465,222,182,187,293,148,342,195,307,140,488,288,580,366,360,548,819
"District 5, Bradley County, TN",5453,758,532,198,351,334,315,350,312,318,420,610,579,190,100,48,38
"District 15, Rutherford County, TN",5445,281,85,81,221,392,204,204,243,222,593,422,758,525,421,368,425
"District 2, Sumner County, TN",5439,215,310,274,231,224,291,262,385,218,518,775,734,455,360,147,40
"District 4, Bradley County, TN",5414,163,182,302,280,268,469,189,254,354,449,716,915,385,275,120,93
"District 7, Sullivan County, TN",5414,194,157,136,506,275,157,248,229,170,385,710,755,537,324,356,275
"District 5, Sumner County, TN",5413,348,407,517,332,243,428,276,259,326,356,553,613,302,149,219,85
"District 21, Rutherford County, TN",5387,199,406,345,307,315,516,479,272,369,466,493,557,199,223,139,102
"District 6, Williamson County, TN",5363,73,23,31,18,67,14,18,81,20,50,217,484,681,557,898,2131
"District 8, Sullivan County, TN",5344,355,241,314,266,448,305,275,218,265,563,422,596,417,184,195,280
"District 19, Rutherford County, TN",5340,65,123,181,143,137,245,236,238,338,374,967,871,747,248,382,45
"District 4, Rutherford County, TN",5330,302,212,188,249,278,208,322,216,292,492,512,828,361,386,222,262
"District 2, Monroe County, TN",5245,395,366,288,398,346,444,165,102,148,618,462,808,292,147,217,49
"District 14, Rutherford County, TN",5239,200,96,155,36,161,128,185,173,242,252,568,751,493,508,666,625
"District 3, Sumner County, TN",5229,232,64,274,144,239,202,209,242,218,385,668,867,698,377,272,138
"District 11, Sumner County, TN",5193,151,90,131,249,244,193,159,290,164,330,505,974,581,439,337,356
"District 10, Sumner County, TN",5098,289,121,73,72,124,240,307,133,138,320,892,709,423,536,290,431
"District 10, Blount County, TN",5090,173,158,274,270,278,249,375,321,250,451,432,639,274,263,311,372
"District 6, Blount County, TN",5065,280,238,47,281,304,276,168,293,285,554,495,900,463,249,113,119
"District 18, Rutherford County, TN",5049,436,192,275,355,216,197,270,319,169,500,507,491,399,243,202,278
"District 1, Monroe County, TN",5025,356,339,299,288,379,277,419,295,128,525,542,640,256,205,30,47
"District 9, Sumner County, TN",4997,51,31,229,110,79,163,273,181,217,459,401,698,375,526,535,669
"District 2, Blount County, TN",4995,293,262,160,392,322,223,173,199,186,433,594,631,433,308,219,167
"District 2, Rutherford County, TN",4977,284,102,190,139,159,59,150,112,123,413,420,1057,655,386,359,369
"District 19, Montgomery County, TN",4921,247,87,70,73,142,67,228,92,175,357,704,1045,687,332,388,227
"District 10, Madison County, TN",4915,253,210,181,265,234,339,321,329,195,402,329,676,485,346,235,115
"District 1, Sumner County, TN",4903,360,217,242,199,312,283,236,318,203,463,508,704,458,183,129,88
"District 5, Washington County, TN",4898,688,436,292,351,448,180,198,189,313,307,360,458,223,120,131,204
"District 12, Rutherford County, TN",4882,189,176,86,301,374,338,184,214,307,473,714,696,436,181,153,60
"District 1, Blount County, TN",4844,480,316,279,248,317,366,205,279,206,481,562,454,403,101,102,45
"District 3, Blount County, TN",4843,359,182,100,352,203,133,421,165,233,216,491,1078,428,304,142,36
"District 4, Madison County, TN",4800,235,150,218,260,314,97,207,362,359,514,776,622,375,75,125,111
"District 10, Rutherford County, TN",4770,73,118,120,42,206,195,91,256,225,395,599,959,646,398,369,78
"District 8, Blount County, TN",4760,176,262,262,238,232,278,265,157,210,374,404,775,396,272,224,235
"District 9, Madison County, TN",4744,121,112,67,178,66,146,284,193,158,480,446,599,544,322,476,552
"District 3, Rutherford County, TN",4661,228,59,212,155,108,126,210,349,168,401,581,1054,227,409,204,170
"District 5, Rutherford County, TN",4608,143,149,257,136,207,136,269,325,257,296,797,759,431,124,180,142
"District 7, Blount County, TN",4573,264,267,230,215,207,251,138,195,310,371,496,648,325,253,224,179
"District 5, Loudon County, TN",4508,133,184,106,73,298,291,190,180,226,401,459,612,531,236,328,260
"District 9, Blount County, TN",4505,201,299,122,218,349,175,234,236,148,283,421,627,381,361,300,150
"District 2, Madison County, TN",4495,477,242,312,339,222,214,230,232,260,257,377,427,364,195,179,168
"District 13, Rutherford County, TN",4481,139,129,163,128,74,243,198,192,204,404,692,745,462,199,278,231
"District 11, Maury County, TN",4473,169,40,183,43,179,285,227,348,173,310,397,964,537,217,307,94
"District 2, McMinn County, TN",4436,244,317,231,149,243,221,184,301,282,450,442,474,419,136,274,69
"District 5, Blount County, TN",4408,234,169,215,125,158,194,223,134,71,372,584,384,509,347,326,363
"District 6, Roane County, TN",4381,223,250,310,156,171,286,54,224,121,306,425,762,476,218,233,166
"District 5, Madison County, TN",4368,762,327,341,406,383,296,126,226,225,403,312,285,151,45,60,20
"District 2, Anderson County, TN",4359,381,406,282,212,259,218,162,229,224,410,445,525,217,110,154,125
"District 2, Greene County, TN",4306,322,265,303,303,166,337,265,129,212,375,660,495,243,139,82,10
"District 4, Sevier County, TN",4305,279,74,284,317,181,189,302,355,340,316,476,554,294,128,111,105
"District 5, Sevier County, TN",4284,343,181,298,315,324,393,196,240,196,450,342,403,304,68,78,153
"District 1, Rutherford County, TN",4186,56,87,101,34,110,190,165,287,300,463,626,667,668,134,45,253
"District 7, Greene County, TN",4147,491,290,242,264,469,273,198,149,182,429,480,340,158,52,59,71
"District 1, McMinn County, TN",4125,632,376,480,212,167,314,263,256,77,370,346,289,173,61,40,69
"District 4, McMinn County, TN",4122,252,373,398,308,267,109,237,154,229,297,456,524,233,186,43,56
"District 9, Montgomery County, TN",4119,477,103,110,147,393,293,181,121,243,412,359,591,430,105,124,30
"District 9, Cumberland County, TN",4115,153,61,135,196,238,186,173,295,272,420,557,814,279,107,172,57
"District 8, Washington County, TN",4101,128,320,126,305,217,293,204,184,181,418,324,406,475,229,176,115
"District 3, McMinn County, TN",4079,352,213,333,349,352,329,177,185,107,337,260,238,391,204,186,66
"District 20, Montgomery County, TN",4064,232,74,113,302,197,174,187,188,154,353,545,590,445,195,207,108
"District 5, McMinn County, TN",4042,291,197,171,402,154,208,230,90,243,457,333,570,232,255,156,53
"District 1, Roane County, TN",4032,281,407,277,186,244,242,187,232,90,471,286,411,275,168,202,73
"District 8, Sevier County, TN",4029,152,148,287,158,74,200,357,166,223,553,488,490,263,213,121,136
"District 5, Greene County, TN",4022,127,274,360,235,284,221,158,150,172,356,479,517,210,175,183,121
"District 1, Montgomery County, TN",4006,311,30,197,117,170,155,192,422,190,282,733,480,347,196,87,97
"District 1, Loudon County, TN",3958,164,212,314,264,163,143,170,262,116,504,300,534,519,121,76,96
"District 6, Greene County, TN",3933,371,181,317,279,225,239,193,272,138,272,349,556,232,160,108,41
"District 5, Anderson County, TN",3932,265,163,322,191,187,121,215,335,35,496,374,625,246,174,122,61
"District 9, Washington County, TN",3928,297,144,178,261,283,297,292,128,160,420,490,453,326,110,42,47
"District 17, Rutherford County, TN",3924,532,225,298,172,371,240,192,89,135,413,410,518,157,57,92,23
"District 2, Roane County, TN",3910,498,356,169,211,227,346,237,246,109,242,396,227,336,98,84,128
"District 1, Anderson County, TN",3896,218,190,170,273,254,150,186,117,167,290,240,777,409,147,175,133
"District 3, Anderson County, TN",3840,106,119,298,115,413,254,100,232,253,352,282,375,442,187,143,169
"District 8, Anderson County, TN",3829,231,66,255,175,123,126,121,199,164,244,360,264,393,248,411,449
"District 18, Montgomery County, TN",3800,67,24,21,135,290,173,87,341,257,300,678,687,397,179,120,44
"District 1, Greene County, TN",3778,251,362,206,373,188,188,144,144,140,308,255,596,248,145,109,121
"District 2, Loudon County, TN",3742,458,428,144,275,233,210,158,194,111,275,436,383,165,169,38,65
"District 4, Greene County, TN",3704,358,304,349,305,185,221,363,281,50,165,294,365,134,163,61,106
"District 6, Anderson County, TN",3699,262,235,216,149,235,275,229,253,164,279,422,380,227,127,175,71
"District 1, Hawkins County, TN",3673,247,200,296,273,178,213,105,246,116,202,459,388,343,134,104,169
"District 17, Montgomery County, TN",3668,216,79,23,66,222,211,160,194,356,318,538,555,365,198,154,13
"District 12, Montgomery County, TN",3585,150,124,103,185,208,296,340,242,188,322,489,532,208,88,54,56
"District 7, Anderson County, TN",3577,312,241,149,246,200,218,171,223,171,319,512,315,229,101,120,50
"District 10, Montgomery County, TN",3546,201,91,254,80,212,226,168,205,181,343,589,466,371,82,61,16
"District 3, Greene County, TN",3506,306,244,216,211,157,170,176,304,175,208,337,317,250,176,134,125
"District 4, Campbell County, TN",3490,282,203,186,218,264,130,145,209,144,252,405,438,241,98,150,125
"District 2, Hawkins County, TN",3487,330,241,231,232,199,127,213,138,127,238,432,496,216,125,77,65
"District 21, Montgomery County, TN",3482,215,120,148,261,221,189,356,113,228,354,353,282,208,128,179,127
"District 3, Hawkins County, TN",3469,261,176,262,287,284,252,213,166,109,233,377,357,313,84,52,43
"District 14, Montgomery County, TN",3409,191,140,161,123,63,254,131,108,178,319,304,657,384,204,119,73
"District 4, Anderson County, TN",3409,336,251,429,171,209,175,196,110,60,192,336,418,219,146,130,31
"District 3, Sevier County, TN",3404,91,124,286,152,255,330,160,187,175,435,327,544,202,84,24,28
"District 6, Maury County, TN",3368,56,157,54,152,146,100,107,103,33,247,567,648,353,331,105,209
"District 1, Campbell County, TN",3363,296,268,311,244,228,269,150,226,137,262,208,334,157,80,146,47
"District 1, Carter County, TN",3333,261,206,285,252,270,214,96,155,145,238,498,170,180,169,129,65
"District 5, Maury County, TN",3332,120,158,91,78,119,57,56,58,71,328,375,687,452,263,260,159
"District 15, Montgomery County, TN",3326,37,62,144,14,79,30,116,87,142,395,231,566,503,328,230,362
"District 7, Madison County, TN",3310,532,280,251,207,175,98,135,164,195,270,264,324,193,78,33,111
"District 8, Montgomery County, TN",3301,286,172,134,176,147,223,156,336,161,384,247,478,140,108,126,27
"District 4, Maury County, TN",3288,112,82,194,115,148,156,227,156,190,278,457,701,295,92,74,11
"District 1, Cumberland County, TN",3255,216,305,133,119,185,300,329,125,112,286,485,348,132,62,45,73
"District 7, Hawkins County, TN",3248,420,196,152,251,312,178,241,266,199,214,272,296,114,79,19,39
"District 3, Montgomery County, TN",3232,65,92,111,107,35,64,105,94,164,130,380,509,455,314,254,353
"District 5, Montgomery County, TN",3214,573,331,238,288,219,211,230,200,155,155,162,249,120,41,15,27
"District 9, Sevier County, TN",3212,40,239,171,288,91,158,262,203,89,242,566,470,173,34,142,44
"District 2, Maury County, TN",3209,352,118,191,256,71,226,201,170,179,453,243,357,112,84,100,96
"District 2, Montgomery County, TN",3193,104,133,87,79,144,101,54,89,87,192,182,548,412,257,382,342
"District 4, Hawkins County, TN",3193,178,193,251,234,229,227,249,147,114,297,380,327,225,50,81,11
"District 11, Wilson County, TN",3188,128,121,63,43,57,66,152,92,37,178,242,722,345,316,375,251
"District 4, Montgomery County, TN",3179,195,138,54,162,207,140,170,200,199,90,253,503,226,215,320,107
"District 5, Henry County, TN",3160,279,257,384,222,171,238,123,123,38,279,428,304,186,89,22,17
"District 11, Sevier County, TN",3142,225,313,110,258,143,237,242,162,102,230,404,298,203,115,70,30
"District 1, Maury County, TN",3139,184,236,130,219,160,331,212,118,144,367,365,272,116,98,101,86
"District 6, Hawkins County, TN",3138,375,171,274,174,256,166,86,184,122,403,384,227,97,79,90,50
"District 2, Campbell County, TN",3136,360,260,160,241,216,157,296,86,152,366,256,290,142,82,28,44
"District 3, Carter County, TN",3122,238,405,291,199,230,103,163,177,122,257,284,375,136,10,107,25
"District 3, Campbell County, TN",3104,127,257,188,331,188,139,173,79,226,272,263,439,298,75,42,7
"District 5, Campbell County, TN",3099,422,310,339,183,215,163,215,115,157,265,225,237,83,37,76,57
"District 4, Carter County, TN",3052,332,251,241,157,240,209,176,235,76,405,164,240,165,80,39,42
"District 4, Fayette County, TN",3051,23,62,68,55,118,96,77,149,41,337,491,553,406,173,220,182
"District 7, Montgomery County, TN",3050,134,153,76,61,216,111,140,126,88,331,336,606,293,111,218,50
"District 5, Cumberland County, TN",3029,191,132,66,250,209,220,156,211,123,387,244,396,195,139,64,46
"District 7, Sevier County, TN",3022,157,120,81,293,259,104,209,69,152,441,264,323,214,138,113,85
"District 5, Carter County, TN",3017,265,184,264,108,159,101,177,218,243,208,298,405,167,35,153,32
"District 8, Madison County, TN",3017,93,83,99,162,173,133,112,220,152,404,379,391,381,150,31,54
"District 3, Jefferson County, TN",3010,153,236,200,195,126,171,201,156,84,312,312,300,174,163,214,13
"District 6, Carter County, TN",3004,567,316,344,173,155,210,184,91,100,175,247,245,132,28,28,9
"District 10, Sevier County, TN",2987,260,95,137,138,177,181,170,82,247,201,388,521,128,42,89,131
"District 13, Montgomery County, TN",2984,359,121,311,201,88,270,158,169,136,283,310,193,161,66,88,70
"District 8, Maury County, TN",2976,102,99,24,188,189,135,121,95,188,294,403,378,298,143,193,126
"District 7, Carter County, TN",2974,183,199,176,109,134,202,251,132,188,189,285,305,398,93,61,69
"District 6, Sevier County, TN",2961,149,153,139,74,142,216,87,159,121,206,276,454,327,248,176,34
"District 10, Maury County, TN",2946,357,165,228,135,151,211,128,144,191,129,220,205,218,160,156,148
"District 1, Sevier County, TN",2944,93,125,86,161,326,84,140,160,190,366,529,316,252,43,18,55
"District 5, Hawkins County, TN",2927,228,243,147,321,106,119,261,95,243,228,230,321,221,78,43,43
"District 2, Sevier County, TN",2920,232,102,182,103,168,184,215,240,87,250,380,371,156,84,70,96
"District 7, Roane County, TN",2916,236,85,256,104,70,60,136,200,92,268,315,437,183,169,218,87
"District 11, Putnam County, TN",2909,173,59,222,157,142,308,138,104,71,220,318,419,96,56,197,229
"District 16, Montgomery County, TN",2894,270,136,84,141,282,159,187,209,146,395,355,272,147,75,6,30
"District 6, Madison County, TN",2885,101,112,348,81,238,240,107,178,134,201,335,412,194,120,58,26
"District 11, Montgomery County, TN",2869,274,29,228,195,145,188,208,156,139,237,285,493,213,65,14,0
"District 10, Putnam County, TN",2865,375,177,228,217,199,219,88,120,313,156,187,237,145,175,29,0
"District 3, Sullivan County, TN",2859,205,263,235,205,140,242,180,74,171,204,254,309,142,107,62,66
"District 6, Putnam County, TN",2830,419,193,239,153,187,224,145,145,122,238,218,150,235,57,83,22
"District 3, Madison County, TN",2792,189,34,171,126,150,157,94,216,137,205,286,406,156,131,138,196
"District 7, Loudon County, TN",2785,147,59,83,85,127,140,78,166,67,189,267,526,432,140,132,147
"District 4, Tipton County, TN",2784,26,24,20,105,58,114,73,88,164,199,290,549,352,220,221,281
"District 6, Montgomery County, TN",2775,87,65,282,63,126,116,111,101,87,215,405,470,259,214,82,92
"District 3, Henry County, TN",2765,176,140,281,178,77,87,113,203,209,144,294,237,216,85,274,51
"District 2, Carter County, TN",2760,243,284,254,153,238,195,52,118,109,272,234,191,195,122,39,61
"District 1, Cheatham County, TN",2749,245,115,48,167,226,272,179,88,131,250,375,295,193,127,20,18
"District 1, Putnam County, TN",2740,190,175,221,229,93,260,133,91,85,168,285,253,115,141,112,189
"District 3, Maury County, TN",2740,270,292,103,174,258,264,183,147,113,172,309,203,118,6,23,105
"District 4, Cumberland County, TN",2738,311,132,92,232,132,147,189,120,221,153,237,359,142,78,83,110
"District 2, Henry County, TN",2720,134,211,219,102,314,167,124,150,138,169,232,386,198,27,67,82
"District 5, Putnam County, TN",2711,120,17,160,186,54,154,114,5,165,504,325,282,309,151,125,40
"District 1, Tipton County, TN",2707,357,151,277,134,156,232,184,82,66,148,237,302,236,56,66,23
"District 9, Maury County, TN",2703,22,98,54,86,99,134,122,134,115,214,258,415,239,236,239,238
"District 5, Fayette County, TN",2697,188,74,59,109,135,108,79,107,88,200,214,249,242,225,307,313
"District 7, Cumberland County, TN",2697,154,60,152,219,91,91,149,193,202,319,310,408,177,82,31,59
"District 1, Polk County, TN",2687,175,154,104,238,163,172,166,240,33,244,258,280,140,180,100,40
"District 3, Cumberland County, TN",2687,180,92,201,137,177,156,122,98,192,291,323,341,176,25,109,67
"District 5, Tipton County, TN",2680,143,0,129,82,101,175,126,30,161,169,443,301,268,235,213,104
"District 12, Putnam County, TN",2679,374,198,139,182,47,195,181,120,250,179,222,99,186,153,19,135
"District 6, Cumberland County, TN",2678,218,332,155,189,157,178,190,64,190,159,195,424,123,10,53,41
"District 2, Cheatham County, TN",2666,110,48,189,95,142,53,141,75,89,393,278,451,321,167,66,48
"District 8, Putnam County, TN",2665,197,124,237,178,140,168,50,185,101,281,311,267,142,141,73,70
"District 4, Roane County, TN",2664,177,136,77,71,75,107,20,121,160,152,309,379,321,144,235,180
"District 1, Madison County, TN",2618,507,403,326,191,152,162,124,91,116,171,180,46,89,14,40,6
"District 2, Tipton County, TN",2597,173,267,77,124,124,165,245,177,77,197,199,282,142,108,143,97
"District 3, Unicoi County, TN",2567,216,144,149,200,215,167,129,181,88,178,249,300,168,98,45,40
"District 1, Unicoi County, TN",2559,222,159,250,166,279,113,144,70,111,183,310,250,212,13,29,48
"District 2, Unicoi County, TN",2532,222,221,149,162,167,95,136,153,218,197,264,314,156,21,9,48
"District 8, Carter County, TN",2522,233,253,259,120,400,200,150,143,83,279,93,108,72,43,67,19
"District 8, Franklin County, TN",2520,211,160,156,238,103,146,101,115,150,270,218,312,164,83,66,27
"District 7, Maury County, TN",2514,92,51,178,87,124,192,137,173,142,211,350,240,238,84,143,72
"District 1, Sullivan County, TN",2508,174,233,256,217,159,154,86,43,111,213,281,293,165,51,44,28
"District 7, Putnam County, TN",2505,72,163,158,171,132,285,178,118,205,123,222,301,153,41,130,53
"District 8, Robertson County, TN",2502,32,55,97,136,108,83,221,116,37,293,342,248,319,157,199,59
"District 3, Marion County, TN",2499,297,168,137,168,135,100,80,136,82,234,347,157,159,121,82,96
"District 3, Putnam County, TN",2478,716,177,335,307,95,78,101,95,106,70,191,37,70,48,45,7
"District 14, Wilson County, TN",2477,105,37,0,116,28,82,0,39,33,192,266,304,296,379,153,447
"District 3, Fayette County, TN",2475,304,114,205,140,199,144,27,63,76,187,214,244,172,124,117,145
"District 2, Putnam County, TN",2468,157,159,122,136,146,113,135,135,135,135,184,426,168,76,116,125
"District 1, Henry County, TN",2464,113,246,201,168,178,242,120,124,76,226,182,208,154,107,62,57
"District 5, Cheatham County, TN",2442,100,76,78,93,63,111,110,159,88,203,334,394,271,127,154,81
"District 4, Cheatham County, TN",2440,103,72,66,174,69,167,170,172,87,300,289,365,236,78,51,41
"District 5, Marion County, TN",2438,189,172,147,138,122,85,128,158,73,212,317,372,150,73,68,34
"District 2, Cumberland County, TN",2437,336,301,297,247,228,128,148,56,29,144,214,74,103,68,53,11
"District 1, Gibson County, TN",2431,34,76,110,42,73,39,72,101,91,155,367,430,276,264,121,180
"District 1, Hardeman County, TN",2425,288,309,337,49,101,57,145,220,105,157,188,209,96,100,42,22
"District 3, Cheatham County, TN",2403,24,62,76,48,90,86,46,59,111,187,294,515,326,178,234,67
"District 3, Wilson County, TN",2391,149,0,34,45,145,86,46,35,100,75,223,335,340,351,221,206
"District 6, Cheatham County, TN",2389,90,114,91,85,72,67,193,49,62,117,258,459,234,158,196,144
"District 2, Polk County, TN",2383,73,85,208,38,188,261,88,181,158,153,230,394,141,69,79,37
"District 9, Putnam County, TN",2361,86,158,79,100,146,154,130,110,85,302,206,357,251,96,30,71
"District 25, Wilson County, TN",2360,24,0,27,9,19,105,83,171,26,127,273,463,233,157,451,192
"District 3, Polk County, TN",2313,202,129,153,289,162,217,100,62,106,161,200,241,147,67,31,46
"District 6, Tipton County, TN",2301,123,54,104,67,150,178,136,67,73,208,332,370,162,106,109,62
"District 4, Henry County, TN",2285,282,202,150,308,145,132,132,170,80,163,212,111,71,40,74,13
"District 9, Robertson County, TN",2281,103,41,58,87,148,118,53,213,152,245,302,327,206,94,73,61
"District 2, Cocke County, TN",2274,208,235,175,55,144,80,129,139,99,332,248,161,159,63,30,17
"District 2, Marion County, TN",2269,75,159,124,98,90,100,49,139,139,313,243,260,193,72,138,77
"District 5, Bedford County, TN",2234,11,37,64,92,84,79,115,168,93,249,304,254,359,74,45,206
"District 1, Robertson County, TN",2223,44,115,87,112,60,144,61,66,84,160,311,282,269,149,159,120
"District 4, Monroe County, TN",2218,109,116,177,95,70,108,118,52,157,141,260,210,335,54,131,85
"District 4, Putnam County, TN",2213,116,199,273,138,103,136,84,87,81,179,254,283,121,103,43,13
"District 2, Robertson County, TN",2211,83,106,11,149,35,99,0,125,39,198,319,499,200,120,163,65
"District 2, Franklin County, TN",2205,124,113,94,26,62,79,39,94,129,282,311,370,220,48,51,163
"District 1, Cocke County, TN",2192,191,213,145,101,116,193,102,69,93,147,274,192,142,81,70,63
"District 1, Jefferson County, TN",2175,45,83,105,95,105,125,196,107,94,156,381,189,178,84,117,115
"District 1, Franklin County, TN",2173,184,74,178,73,216,98,162,21,149,179,207,240,113,70,100,109
"District 3, Tipton County, TN",2170,169,152,79,75,158,132,116,164,131,117,141,275,129,137,149,46
"District 8, Tipton County, TN",2168,94,112,43,72,31,101,78,37,114,96,379,400,297,135,110,69
"District 5, Wilson County, TN",2167,68,65,16,67,32,70,213,67,55,188,128,294,271,152,122,359
"District 5, Robertson County, TN",2165,147,56,55,117,122,173,95,16,126,241,170,191,181,169,253,53
"District 8, Cumberland County, TN",2165,131,80,154,171,66,117,172,273,82,200,188,241,97,51,91,51
"District 7, Franklin County, TN",2163,89,197,0,166,56,59,17,87,111,125,292,362,328,114,72,88
"District 23, Wilson County, TN",2158,20,15,18,18,139,35,63,137,0,254,223,258,234,259,182,303
"District 7, Jefferson County, TN",2155,149,95,232,92,175,107,129,85,209,249,156,241,89,56,54,37
"District 4, Wilson County, TN",2154,96,48,0,115,237,21,113,168,38,120,67,379,229,135,181,207
"District 3, Robertson County, TN",2146,55,49,20,142,108,110,81,102,64,131,213,427,316,78,144,106
"District 4, Robertson County, TN",2145,50,68,105,85,150,98,22,63,110,213,296,337,244,155,93,56
"District 2, Claiborne County, TN",2143,337,161,176,57,124,137,56,101,190,210,239,177,66,71,0,41
"District 3, Cocke County, TN",2139,277,171,92,135,134,76,115,166,46,240,245,237,121,58,0,26
"District 4, Marion County, TN",2139,220,46,102,83,95,220,89,99,88,214,231,305,126,93,107,21
"District 3, Claiborne County, TN",2134,259,139,218,132,124,194,128,111,100,163,195,240,65,8,48,10
"District 1, Marion County, TN",2132,284,170,104,139,79,175,160,73,79,191,176,182,106,108,66,40
"District 9, Tipton County, TN",2131,96,72,75,92,110,42,102,221,37,276,178,243,270,187,35,95
"District 19, Wilson County, TN",2124,168,79,22,40,125,55,217,194,40,190,349,273,110,129,133,0
"District 6, Hamblen County, TN",2121,185,205,187,162,82,147,62,104,68,220,128,344,106,24,29,68
"District 16, Wilson County, TN",2112,50,84,25,57,35,0,38,151,99,99,296,367,183,279,227,122
"District 8, Bedford County, TN",2100,292,117,173,56,34,181,270,254,62,111,167,216,114,36,17,0
"District 6, Franklin County, TN",2093,100,207,160,81,104,171,223,86,69,240,174,171,127,47,88,45
"District 11, Robertson County, TN",2085,116,53,63,66,30,128,53,123,58,165,325,341,227,146,122,69
"District 5, Cocke County, TN",2082,133,170,119,147,149,142,87,127,73,175,200,322,138,50,26,24
"District 3, Bedford County, TN",2067,112,106,35,109,54,72,221,97,104,203,306,289,117,81,86,75
"District 6, Wilson County, TN",2066,30,31,36,25,88,33,40,86,72,122,175,509,349,208,19,243
"District 4, Overton County, TN",2060,87,204,119,108,189,80,121,108,81,94,268,281,207,12,76,25
"District 6, Robertson County, TN",2059,0,28,61,0,3,119,267,81,70,78,265,325,304,100,197,161
"District 5, Hardeman County, TN",2047,197,107,135,120,179,143,130,122,63,169,246,207,92,84,34,19
"District 10, Washington County, TN",2035,145,123,103,133,78,95,38,165,138,213,305,223,91,128,16,41
"District 10, Robertson County, TN",2009,83,10,98,121,121,122,117,119,61,163,242,309,177,65,125,76
"District 4, Franklin County, TN",2009,219,198,133,128,136,96,76,79,56,228,188,265,64,62,32,49
"District 5, Jefferson County, TN",1996,47,63,77,40,75,58,139,87,183,170,190,256,341,99,94,77
"District 3, Loudon County, TN",1992,85,23,16,61,82,87,150,23,111,245,256,332,182,79,133,127
"District 13, Wilson County, TN",1984,23,3,42,47,95,54,51,62,53,259,279,268,421,126,152,49
"District 2, Jefferson County, TN",1979,31,66,208,87,112,122,89,147,17,192,209,299,193,36,115,56
"District 6, Loudon County, TN",1979,70,15,0,12,61,88,130,96,34,271,370,175,151,236,109,161
"District 6, Cocke County, TN",1977,323,308,180,195,77,123,75,123,87,114,92,175,32,22,38,13
"District 7, Claiborne County, TN",1962,364,99,142,204,116,118,92,64,59,135,195,101,169,37,4,63
"District 24, Wilson County, TN",1956,54,153,185,167,80,195,180,71,86,147,230,155,141,53,12,47
"District 3, Franklin County, TN",1954,55,110,84,119,106,96,256,81,57,187,192,262,61,50,134,104
"District 7, Hamblen County, TN",1952,101,90,139,182,66,71,97,135,99,151,226,243,144,101,107,0
"District 12, Robertson County, TN",1947,406,188,195,143,197,128,100,59,24,208,80,104,68,19,0,28
"District 22, Wilson County, TN",1945,135,81,111,49,41,54,35,55,84,185,265,233,164,118,190,145
"District 3, Grainger County, TN",1940,73,71,95,288,75,87,72,72,94,121,207,309,161,81,79,55
"District 7, Robertson County, TN",1940,29,40,102,43,57,77,127,140,88,119,294,225,313,120,28,138
"District 6, Obion County, TN",1936,123,174,140,129,86,137,95,118,120,210,250,180,87,37,33,17
"District 1, Claiborne County, TN",1931,232,153,160,139,145,61,108,116,52,210,199,142,112,53,39,10
"District 9, Jefferson County, TN",1931,148,154,134,119,57,154,123,19,110,140,214,271,116,109,37,26
"District 8, Jefferson County, TN",1916,72,89,131,111,70,203,133,55,111,198,212,139,59,60,140,133
"District 3, Hamblen County, TN",1914,239,61,233,184,168,129,157,104,110,124,245,87,14,14,29,16
"District 7, Tipton County, TN",1914,112,61,49,12,137,56,77,40,58,167,232,276,276,127,118,116
"District 4, Jefferson County, TN",1901,154,130,157,212,60,115,24,71,131,140,143,251,164,52,58,39
"District 4, Obion County, TN",1899,369,284,198,247,108,57,53,95,46,20,154,116,48,86,18,0
"District 1, Obion County, TN",1891,189,96,99,110,104,115,109,104,94,171,170,205,143,63,20,99
"District 7, Wilson County, TN",1889,105,116,88,23,48,77,111,85,106,117,268,364,186,28,19,148
"District 6, Bedford County, TN",1879,154,138,121,156,158,140,88,103,89,71,225,174,192,11,59,0
"District 9, Hamblen County, TN",1875,46,142,177,288,44,173,112,85,36,122,227,120,146,78,46,33
"District 1, Grainger County, TN",1871,167,167,108,92,114,113,130,74,88,186,274,165,107,58,14,14
"District 4, Bedford County, TN",1866,207,73,175,54,86,86,79,61,91,203,188,291,147,18,67,40
"District 1, Overton County, TN",1863,284,195,183,92,71,234,75,48,61,122,175,171,93,34,0,25
"District 17, Wilson County, TN",1863,47,150,52,67,75,102,192,88,51,152,228,267,142,110,76,64
"District 2, Obion County, TN",1850,115,80,137,192,74,128,129,107,55,130,237,288,65,60,13,40
"District 12, Hamblen County, TN",1827,68,86,0,54,138,66,76,76,111,179,206,471,171,90,0,35
"District 10, Hamblen County, TN",1826,10,58,50,85,146,86,135,206,68,203,213,331,103,93,18,21
"District 4, Giles County, TN",1824,77,66,86,60,47,107,138,168,70,136,236,222,99,164,101,47
"District 5, Grainger County, TN",1824,75,238,39,67,31,126,92,113,120,124,375,188,135,18,32,51
"District 7, Giles County, TN",1823,159,222,266,109,143,80,87,78,33,167,195,136,42,88,8,10
"District 13, Hamblen County, TN",1822,0,0,37,87,89,136,109,91,121,186,216,336,142,114,84,74
"District 4, Lincoln County, TN",1819,66,115,67,88,105,182,27,123,101,195,202,225,146,57,106,14
"District 3, Lincoln County, TN",1818,103,113,103,163,91,99,78,152,117,104,129,356,87,84,15,24
"District 8, Dickson County, TN",1813,83,204,128,97,107,158,49,152,38,240,119,195,170,50,12,11
"District 5, Lincoln County, TN",1809,367,144,86,46,63,108,46,176,63,141,156,112,41,108,105,47
"District 9, Carroll County, TN",1809,228,29,72,57,121,131,54,124,47,182,204,312,134,56,25,33
"District 1, Wilson County, TN",1803,34,16,49,0,47,52,29,109,24,99,207,380,234,194,141,188
"District 1, Bedford County, TN",1802,124,53,48,66,77,34,87,66,100,193,199,341,140,53,95,126
"District 3, Overton County, TN",1802,118,193,213,118,114,123,86,41,96,200,203,110,99,33,42,13
"District 2, Grainger County, TN",1800,189,135,218,93,203,74,145,114,58,92,142,159,87,36,26,29
"District 4, Cocke County, TN",1790,255,69,200,191,107,133,178,142,125,62,103,81,66,26,29,23
"District 7, Obion County, TN",1787,140,199,215,135,102,111,193,56,112,47,86,212,38,90,38,13
"District 9, Wilson County, TN",1786,149,54,63,77,60,76,45,70,51,251,293,185,191,51,35,135
"District 2, Bedford County, TN",1777,28,91,121,43,10,147,112,164,59,151,151,243,206,99,117,35
"District 5, Overton County, TN",1761,121,116,128,79,159,155,114,47,14,241,224,115,111,41,39,57
"District 8, Lincoln County, TN",1758,52,37,84,57,119,205,103,27,23,193,175,310,110,34,100,129
"District 7, Lincoln County, TN",1756,18,73,70,159,189,97,85,152,124,114,193,205,166,35,63,13
"District 21, Wilson County, TN",1748,55,37,90,144,171,141,117,86,97,78,152,219,113,110,117,21
"District 7, Weakley County, TN",1746,91,73,60,118,84,156,145,47,84,131,248,239,82,77,67,44
"District 5, Giles County, TN",1740,30,62,154,57,20,73,70,108,97,168,255,273,203,80,36,54
"District 5, Obion County, TN",1739,106,80,79,128,64,148,114,122,62,202,171,243,153,35,19,13
"District 10, Wilson County, TN",1732,43,14,30,44,77,16,47,39,132,94,207,288,218,82,278,123
"District 18, Wilson County, TN",1730,16,17,24,62,94,117,83,46,18,60,170,348,164,163,255,93
"District 1, Giles County, TN",1728,68,100,151,71,57,195,94,74,73,143,141,286,135,82,44,14
"District 9, Bedford County, TN",1721,63,90,98,122,65,186,56,123,194,73,234,248,73,11,49,36
"District 11, Hamblen County, TN",1709,430,147,76,150,95,143,53,45,73,66,106,139,106,22,34,24
"District 4, Loudon County, TN",1705,96,110,98,44,96,121,224,43,40,174,162,181,112,103,74,27
"District 2, Giles County, TN",1704,66,86,110,75,82,111,88,95,49,257,114,168,161,134,98,10
"District 4, Fentress County, TN",1702,76,128,89,43,175,281,86,111,99,89,233,172,37,28,23,32
"District 5, Hamblen County, TN",1700,153,83,82,100,167,82,60,87,95,177,186,183,113,62,37,33
"District 8, Fayette County, TN",1683,75,38,101,78,61,48,21,120,41,139,138,134,123,176,170,220
"District 5, Dickson County, TN",1679,89,66,84,49,73,134,78,82,149,214,189,247,76,57,0,92
"District 1, Dyer County, TN",1677,120,92,74,142,58,39,122,123,50,219,194,202,148,0,33,61
"District 4, Henderson County, TN",1677,202,48,148,87,142,137,46,55,26,146,118,321,142,14,27,18
"District 6, Dyer County, TN",1676,573,151,120,105,98,105,47,76,86,123,88,58,39,7,0,0
"District 3, Henderson County, TN",1670,53,154,29,234,91,133,70,90,42,166,145,198,51,91,70,53
"District 6, Dickson County, TN",1668,3,13,16,109,71,99,53,28,121,75,213,430,213,82,122,20
"District 12, Dickson County, TN",1666,115,35,75,40,50,77,37,14,39,144,144,268,271,66,140,151
"District 2, Hamblen County, TN",1665,177,230,89,233,171,152,61,89,50,102,58,180,60,13,0,0
"District 15, Wilson County, TN",1664,11,17,72,126,49,189,92,157,75,169,90,170,262,97,40,48
"District 8, Wilson County, TN",1664,36,41,0,27,0,27,47,69,26,118,98,174,271,198,356,176
"District 7, Dickson County, TN",1660,43,30,55,92,145,216,43,127,69,321,128,130,107,61,78,15
"District 2, Grundy County, TN",1656,219,143,109,112,57,89,61,135,57,150,157,146,72,59,71,19
"District 2, Overton County, TN",1654,139,182,101,116,93,130,152,70,54,133,127,114,123,42,46,32
"District 6, Lincoln County, TN",1639,74,150,54,122,76,47,125,111,91,155,196,95,178,63,22,80
"District 4, Weakley County, TN",1634,128,73,95,62,75,156,64,135,157,133,117,178,146,32,55,28
"District 3, Weakley County, TN",1630,117,208,120,161,108,59,80,60,97,186,201,108,44,42,12,27
"District 1, Fayette County, TN",1625,293,124,167,192,90,70,81,17,43,134,86,82,35,89,26,96
"District 6, Claiborne County, TN",1623,112,97,100,68,113,122,169,72,59,203,162,107,67,47,72,53
"District 5, Weakley County, TN",1622,221,80,157,203,39,124,60,33,131,98,74,142,125,83,19,33
"District 2, Wilson County, TN",1617,61,0,10,0,8,13,43,44,5,51,169,289,330,241,206,147
"District 10, Dickson County, TN",1616,167,22,53,111,45,29,84,117,68,254,143,207,139,69,57,51
"District 1, Marshall County, TN",1615,85,38,52,21,63,46,80,127,102,175,222,274,188,52,57,33
"District 3, Obion County, TN",1615,93,94,60,129,119,163,80,113,71,94,171,202,84,77,26,39
"District 7, Rhea County, TN",1613,65,72,80,80,143,163,34,129,99,93,64,318,112,57,51,53
"District 12, Wilson County, TN",1612,74,93,27,62,40,88,16,132,122,104,133,252,147,140,116,66
"District 6, White County, TN",1608,165,121,186,165,53,172,64,67,86,94,172,109,66,26,39,23
"District 10, Gibson County, TN",1607,256,181,146,200,97,12,168,102,127,39,66,149,29,10,15,10
"District 7, Cocke County, TN",1606,108,248,83,213,136,178,17,132,70,146,77,151,15,17,15,0
"District 3, Dickson County, TN",1605,158,67,88,92,99,60,84,33,83,213,167,161,161,63,29,47
"District 3, Giles County, TN",1603,128,103,46,82,127,140,70,29,94,135,164,150,84,85,148,18
"District 9, Marshall County, TN",1601,104,111,36,71,96,0,42,157,104,144,200,204,206,48,67,11
"District 2, Weakley County, TN",1598,176,96,138,118,87,154,45,132,30,131,107,157,157,46,14,10
"District 10, Dyer County, TN",1597,58,86,127,36,83,68,125,56,12,92,79,205,197,71,178,124
"District 1, Weakley County, TN",1591,73,123,96,137,168,150,66,66,55,100,255,195,77,6,24,0
"District 4, Hamblen County, TN",1588,264,203,201,106,94,95,92,66,16,169,48,192,7,17,18,0
"District 1, Union County, TN",1586,175,107,66,39,98,122,77,132,73,139,126,195,59,26,111,41
"District 3, Grundy County, TN",1586,212,127,133,90,71,82,74,84,66,181,75,180,98,20,65,28
"District 6, Jefferson County, TN",1586,29,55,132,178,171,35,92,15,136,76,190,167,182,94,20,14
"District 7, Bedford County, TN",1583,66,27,101,67,73,158,163,115,79,275,105,158,111,41,33,11
"District 1, Carroll County, TN",1582,91,92,148,127,212,83,40,57,71,229,130,149,69,49,13,22
"District 3, Dyer County, TN",1581,114,51,102,163,82,78,83,162,60,159,173,182,105,17,39,11
"District 1, Grundy County, TN",1578,188,135,145,72,107,98,60,74,40,110,103,248,61,65,38,34
"District 19, Gibson County, TN",1573,176,126,110,91,104,152,67,38,41,128,197,126,103,24,46,44
"District 8, Weakley County, TN",1568,191,128,68,95,140,127,84,71,39,134,161,189,40,39,40,22
"District 5, Roane County, TN",1557,86,31,54,59,92,97,32,43,69,215,143,318,115,10,84,109
"District 1, Johnson County, TN",1549,228,192,119,125,109,75,58,151,85,55,120,64,37,0,74,57
"District 3, Lauderdale County, TN",1549,122,152,133,106,119,144,68,103,29,192,119,120,60,35,30,17
"District 4, White County, TN",1546,135,77,128,108,145,89,68,93,40,162,138,179,76,39,34,35
"District 2, Fentress County, TN",1545,114,55,90,162,69,47,62,73,125,268,203,181,44,35,0,17
"District 1, Henderson County, TN",1531,117,113,47,135,122,22,126,105,88,127,129,156,107,105,30,2
"District 9, Dickson County, TN",1529,118,99,43,109,100,46,100,23,61,126,220,161,147,30,51,95
"District 2, Morgan County, TN",1526,70,149,47,157,83,62,156,1,45,99,179,202,88,98,60,30
"District 8, Hamblen County, TN",1526,28,39,98,15,33,82,156,136,73,182,214,283,89,61,15,22
"District 1, Fentress County, TN",1524,308,172,187,149,147,72,116,76,90,71,105,15,13,3,0,0
"District 11, Gibson County, TN",1524,127,119,0,98,39,97,116,52,92,197,178,191,110,36,30,42
"District 4, Grainger County, TN",1524,79,105,100,179,133,62,60,104,52,147,117,237,85,0,50,14
"District 6, Henderson County, TN",1521,130,101,95,63,105,166,0,29,56,119,177,203,137,30,70,40
"District 7, McNairy County, TN",1521,56,106,155,95,124,118,57,112,64,80,170,171,96,35,49,33
"District 6, Marshall County, TN",1520,55,51,146,86,130,100,45,79,102,175,142,189,128,30,9,53
"District 8, Dyer County, TN",1516,99,129,128,29,244,40,80,46,87,192,134,127,104,11,31,35
"District 1, Morgan County, TN",1509,61,139,70,111,102,107,90,80,76,97,185,160,92,46,68,25
"District 1, Dickson County, TN",1507,61,37,75,118,70,74,54,265,78,42,72,274,168,27,21,71
"District 10, Jefferson County, TN",1505,179,56,90,151,108,166,32,120,41,122,70,189,141,5,24,11
"District 6, McNairy County, TN",1502,119,99,137,150,48,106,62,62,44,97,426,49,66,5,14,18
"District 5, Carroll County, TN",1500,283,125,163,30,69,33,96,96,13,22,70,252,90,80,33,45
"District 1, Hamblen County, TN",1496,167,140,90,155,152,106,148,108,43,72,114,83,51,28,9,30
"District 10, Warren County, TN",1496,59,179,45,79,48,60,58,87,30,156,204,177,79,84,65,86
"District 2, Lincoln County, TN",1493,75,56,62,71,64,97,104,87,62,93,150,271,120,97,71,13
"District 11, Dickson County, TN",1488,97,90,34,50,100,59,81,136,61,183,146,239,64,32,42,74
"District 4, Dickson County, TN",1485,136,188,41,29,76,71,69,121,63,141,126,160,202,55,7,0
"District 2, Rhea County, TN",1484,152,129,124,156,58,82,61,65,47,111,110,166,108,54,49,12
"District 7, Scott County, TN",1484,188,91,80,85,70,80,33,50,80,107,196,260,66,50,0,48
"District 4, Morgan County, TN",1483,178,134,204,69,78,65,66,140,55,168,105,113,23,32,8,45
"District 2, Dickson County, TN",1482,52,79,159,71,122,42,70,61,99,122,150,134,142,66,87,26
"District 6, Giles County, TN",1482,247,45,152,99,84,72,72,51,41,185,210,132,53,6,26,7
"District 1, McNairy County, TN",1478,136,106,137,95,131,93,80,85,51,92,175,129,72,65,21,10
"District 3, Johnson County, TN",1477,247,162,74,64,72,103,76,81,70,78,185,129,32,0,54,50
"District 9, Rhea County, TN",1477,131,111,137,87,155,72,30,75,27,123,158,177,130,7,22,35
"District 20, Wilson County, TN",1474,114,119,134,186,62,58,79,79,19,189,169,145,83,0,38,0
"District 5, McNairy County, TN",1463,115,61,60,81,79,113,83,125,96,179,71,174,75,47,30,74
"District 7, Henderson County, TN",1463,119,150,97,115,121,94,175,66,82,111,107,130,35,34,21,6
"District 4, Dyer County, TN",1458,25,50,80,71,102,37,82,55,90,217,122,280,120,54,41,32
"District 1, Lincoln County, TN",1456,63,77,129,96,28,75,74,95,3,67,130,144,189,88,119,79
"District 7, Dyer County, TN",1456,120,68,104,234,60,67,128,165,73,109,178,52,15,28,42,13
"District 2, McNairy County, TN",1453,136,103,144,132,75,161,40,58,43,146,114,166,48,32,14,41
"District 5, Dyer County, TN",1453,43,63,115,97,68,164,56,61,44,112,147,178,131,7,62,105
"District 3, Rhea County, TN",1441,71,78,54,123,133,47,25,48,81,76,135,227,92,154,58,39
"District 3, Roane County, TN",1441,42,186,165,0,109,25,42,102,59,111,179,198,91,44,17,71
"District 5, Fentress County, TN",1438,173,140,104,49,97,120,119,130,20,65,76,186,36,8,79,36
"District 3, White County, TN",1436,151,98,54,29,21,96,76,98,58,145,194,216,46,33,53,68
"District 14, Hamblen County, TN",1435,39,7,80,68,31,57,78,73,55,146,245,156,143,88,84,85
"District 5, White County, TN",1433,98,57,64,72,78,103,149,92,140,80,170,180,40,41,36,33
"District 2, Henderson County, TN",1431,44,98,91,31,189,11,48,104,26,66,196,270,126,14,91,26
"District 2, Warren County, TN",1428,0,37,51,21,67,97,87,88,112,203,291,135,104,29,26,80
"District 3, McNairy County, TN",1428,139,110,118,252,81,68,92,102,13,114,117,170,0,42,0,10
"District 1, Rhea County, TN",1427,184,72,50,102,161,59,131,58,66,54,189,67,98,39,54,43
"District 16, Gibson County, TN",1422,102,68,113,81,113,59,83,49,131,161,91,189,92,43,20,27
"District 5, Henderson County, TN",1418,184,135,91,55,129,150,0,33,42,138,229,102,32,11,76,11
"District 6, Hickman County, TN",1415,92,195,57,123,103,116,106,78,55,86,127,82,94,21,64,16
"District 2, Dyer County, TN",1406,208,97,70,60,32,62,54,43,12,263,128,136,126,58,27,30
"District 1, Warren County, TN",1401,119,111,63,57,219,137,83,90,70,155,86,49,92,21,26,23
"District 6, Warren County, TN",1383,176,238,83,117,82,128,107,74,76,99,34,95,56,0,11,7
"District 7, White County, TN",1381,82,64,12,96,104,130,94,31,38,119,149,276,108,30,29,19
"District 7, Fayette County, TN",1380,111,70,62,61,53,114,44,111,17,156,113,167,120,56,76,49
"District 2, Marshall County, TN",1377,0,59,70,159,48,55,103,76,21,28,240,116,247,56,57,42
"District 8, Claiborne County, TN",1375,210,86,147,68,81,73,99,68,44,55,83,166,35,98,49,13
"District 8, Lauderdale County, TN",1375,125,162,55,81,11,115,144,143,78,84,123,80,83,63,12,16
"District 8, Rhea County, TN",1371,47,85,52,56,72,134,60,56,16,176,178,128,172,68,28,43
"District 9, Weakley County, TN",1369,55,136,110,129,65,70,70,86,83,150,155,139,45,21,0,55
"District 2, Hickman County, TN",1365,29,28,112,34,90,40,99,115,135,91,226,160,84,27,48,47
"District 2, White County, TN",1362,51,130,209,100,59,51,95,169,42,92,155,96,21,66,9,17
"District 9, Warren County, TN",1360,92,94,93,71,52,140,77,70,27,122,105,177,106,48,45,41
"District 2, Fayette County, TN",1346,65,99,43,45,53,44,134,32,74,115,127,200,124,64,114,13
"District 6, Fayette County, TN",1339,27,45,57,65,121,39,60,43,85,124,216,194,75,36,103,49
"District 21, Coffee County, TN",1337,70,59,62,175,26,77,12,16,55,51,364,154,38,15,69,94
"District 3, Warren County, TN",1337,251,89,75,65,63,99,16,157,36,91,86,105,87,47,59,11
"District 1, Lauderdale County, TN",1336,129,77,138,109,117,43,87,60,98,109,117,149,46,10,44,3
"District 8, Marshall County, TN",1336,71,32,74,67,85,211,64,102,27,100,198,145,108,0,38,14
"District 3, Hickman County, TN",1333,0,74,141,15,256,16,33,113,84,93,65,221,109,12,76,25
"District 3, Morgan County, TN",1329,108,71,108,54,162,54,135,77,35,97,114,112,107,45,32,18
"District 7, Hickman County, TN",1328,88,105,88,116,44,116,30,81,86,99,137,178,83,15,40,22
"District 1, Coffee County, TN",1304,68,141,84,85,39,71,88,51,99,90,164,158,53,42,49,22
"District 7, Lauderdale County, TN",1302,88,131,71,106,125,82,18,51,52,67,190,177,107,27,10,0
"District 9, Dyer County, TN",1300,86,88,84,36,175,64,61,62,46,60,102,74,227,108,11,16
"District 8, Warren County, TN",1292,102,148,125,98,54,38,58,75,32,102,172,168,74,19,0,27
"District 6, Scott County, TN",1291,260,107,147,208,67,56,110,90,0,70,116,33,0,8,10,9
"District 1, White County, TN",1282,125,87,137,98,95,150,34,38,116,80,166,106,17,17,8,8
"District 4, Rhea County, TN",1278,94,183,48,75,42,66,81,12,69,126,148,132,35,88,79,0
"District 3, Meigs County, TN",1277,138,84,65,46,140,63,75,118,28,85,147,138,60,55,17,18
"District 6, Lauderdale County, TN",1277,58,46,51,103,71,89,98,29,83,98,109,239,56,54,68,25
"District 4, Scott County, TN",1270,118,99,15,158,83,69,35,112,10,138,184,77,77,25,46,24
"District 2, Lauderdale County, TN",1268,116,135,76,81,45,63,124,48,49,154,65,210,54,0,23,25
"District 5, Warren County, TN",1268,136,156,92,87,47,101,137,93,15,65,169,61,104,0,0,5
"District 1, Scott County, TN",1266,153,51,112,59,60,108,46,71,75,200,98,62,84,33,32,22
"District 3, DeKalb County, TN",1261,167,140,77,67,29,51,26,112,41,127,153,99,75,27,66,4
"District 6, Union County, TN",1258,50,81,79,45,101,47,115,22,52,101,309,193,48,0,0,15
"District 4, Warren County, TN",1248,93,122,205,103,48,25,78,52,64,147,115,141,39,6,0,10
"District 5, Marshall County, TN",1248,84,47,45,115,99,70,91,102,33,88,142,109,111,36,68,8
"District 5, Scott County, TN",1243,69,71,107,147,61,107,67,61,60,64,177,79,89,42,39,3
"District 3, Fentress County, TN",1234,48,52,97,139,37,116,50,102,124,76,125,198,44,26,0,0
"District 4, Marshall County, TN",1233,117,53,30,21,56,44,48,61,37,166,175,178,121,54,69,3
"District 12, Warren County, TN",1228,53,154,97,68,79,69,93,81,88,69,160,49,38,91,16,23
"District 12, Coffee County, TN",1224,58,0,108,38,144,85,43,92,70,178,154,151,98,0,0,5
"District 3, Hardin County, TN",1222,63,102,39,182,112,57,21,35,48,89,102,95,136,67,25,49
"District 19, Coffee County, TN",1212,98,172,91,100,151,84,46,87,19,85,94,45,63,54,0,23
"District 1, Chester County, TN",1209,12,29,118,58,21,197,84,73,40,154,109,114,110,62,18,10
"District 5, Franklin County, TN",1209,71,62,57,30,82,64,36,75,25,67,148,153,95,33,92,119
"District 7, Marshall County, TN",1206,167,47,15,117,118,55,58,111,8,106,144,86,82,26,16,50
"District 5, Hickman County, TN",1199,91,75,82,33,63,99,78,68,44,46,109,132,146,108,14,11
"District 3, Marshall County, TN",1188,35,53,29,26,73,83,126,43,86,66,183,180,76,85,25,19
"District 2, Gibson County, TN",1186,47,162,36,12,148,71,124,20,67,178,173,65,11,50,0,22
"District 4, DeKalb County, TN",1186,7,25,62,114,96,39,101,74,34,103,110,153,98,57,61,52
"District 5, Morgan County, TN",1184,133,104,76,52,69,136,17,77,38,77,55,163,108,17,55,7
"District 4, McNairy County, TN",1177,74,108,154,82,96,67,68,58,20,26,88,102,156,37,26,15
"District 1, Cannon County, TN",1172,115,65,14,79,61,55,19,44,19,132,166,182,67,65,72,17
"District 7, Warren County, TN",1171,137,62,24,90,119,81,98,51,71,81,104,126,91,18,0,18
"District 7, Hardeman County, TN",1169,60,79,60,83,59,91,64,110,90,145,68,106,66,61,17,10
"District 3, Coffee County, TN",1168,14,79,50,23,15,23,83,31,117,92,146,139,179,37,65,75
"District 5, Benton County, TN",1167,79,87,142,136,126,86,50,79,26,50,64,101,24,10,29,78
"District 4, Lauderdale County, TN",1157,242,96,65,116,67,58,34,13,75,76,100,111,72,16,11,5
"District 2, Carroll County, TN",1154,163,41,74,53,35,64,53,103,32,65,142,185,80,21,7,36
"District 6, Benton County, TN",1154,166,84,78,93,51,33,85,89,74,31,134,128,53,5,47,3
"District 4, Claiborne County, TN",1153,113,85,135,42,122,60,49,101,13,85,162,107,30,27,7,15
"District 3, Smith County, TN",1147,42,30,52,84,57,106,82,35,138,32,112,102,88,47,30,110
"District 5, Coffee County, TN",1142,47,54,33,92,23,93,66,73,114,128,167,132,70,28,12,10
"District 8, Carroll County, TN",1141,169,87,129,102,145,71,46,83,10,31,99,38,71,31,8,21
"District 8, Hardin County, TN",1141,86,15,61,129,99,41,46,43,27,16,98,133,78,103,52,114
"District 5, Cannon County, TN",1139,126,92,67,78,53,63,109,51,71,98,86,132,10,85,13,5
"District 2, Benton County, TN",1137,96,73,72,142,45,41,133,68,15,56,89,152,42,31,45,37
"District 4, Benton County, TN",1135,112,150,121,68,46,22,38,8,38,57,287,99,12,22,25,30
"District 3, Humphreys County, TN",1134,94,117,47,140,151,50,84,30,81,25,70,128,74,30,13,0
"District 4, Hardin County, TN",1128,131,110,35,82,163,48,31,89,34,39,104,105,36,52,34,35
"District 2, Lake County, TN",1122,221,155,52,88,66,38,5,69,34,62,113,132,59,6,14,8
"District 1, DeKalb County, TN",1119,180,35,81,32,11,69,53,108,55,90,95,152,68,70,0,20
"District 1, Benton County, TN",1118,122,64,94,52,84,68,58,101,34,120,136,98,32,36,14,5
"District 11, Warren County, TN",1115,68,22,63,86,19,9,170,49,54,124,72,164,62,49,33,71
"District 15, Coffee County, TN",1107,8,26,148,62,16,26,52,101,39,59,80,210,84,55,88,53
"District 7, Humphreys County, TN",1101,128,62,36,27,3,9,102,34,143,114,151,151,85,34,16,6
"District 1, Hardin County, TN",1099,102,37,62,87,9,63,116,46,63,77,107,128,70,132,0,0
"District 18, Coffee County, TN",1099,17,83,83,60,88,80,48,15,88,78,99,151,59,29,20,101
"District 3, Union County, TN",1095,81,69,18,144,108,56,104,34,32,41,148,78,61,45,52,24
"District 14, Coffee County, TN",1090,95,36,62,43,23,9,36,12,74,149,177,88,148,112,18,8
"District 2, Chester County, TN",1089,57,78,30,40,67,42,91,15,0,168,185,85,107,71,32,21
"District 6, DeKalb County, TN",1084,63,103,50,47,65,20,84,19,75,123,111,167,86,52,19,0
"District 4, Macon County, TN",1074,26,114,54,16,154,99,126,13,13,11,77,141,121,17,92,0
"District 3, Cannon County, TN",1073,48,52,40,23,34,40,15,25,23,153,134,174,99,45,86,82
"District 2, Hardeman County, TN",1071,107,82,77,26,32,103,45,116,82,142,120,67,46,26,0,0
"District 2, Scott County, TN",1059,100,38,25,110,11,71,37,29,40,199,210,90,71,15,13,0
"District 4, Cannon County, TN",1059,48,0,53,66,120,44,32,36,110,98,72,281,27,41,17,14
"District 6, Rhea County, TN",1058,165,54,109,61,182,27,43,60,50,86,49,95,0,22,26,29
"District 5, DeKalb County, TN",1057,155,38,49,94,55,165,22,14,15,43,123,87,65,36,51,45
"District 3, Benton County, TN",1051,122,133,95,56,67,68,51,64,90,74,88,63,49,15,12,4
"District 3, Scott County, TN",1051,128,97,121,108,46,71,87,27,76,89,91,41,32,11,26,0
"District 3, Lake County, TN",1049,135,61,105,73,26,52,67,45,20,109,79,162,38,4,15,58
"District 2, DeKalb County, TN",1047,52,71,58,97,47,51,17,56,82,72,69,101,142,72,37,23
"District 2, Cannon County, TN",1045,120,68,91,78,19,21,28,25,35,103,102,143,76,81,30,25
"District 9, Macon County, TN",1040,40,115,98,42,210,205,46,21,22,112,29,41,0,17,27,15
"District 10, Coffee County, TN",1039,146,28,56,60,72,46,103,80,18,106,54,72,52,91,36,19
"District 9, Lawrence County, TN",1029,115,84,39,72,65,101,36,15,65,22,107,94,116,29,19,50
"District 5, Rhea County, TN",1028,185,74,68,156,60,23,101,14,27,20,52,209,39,0,0,0
"District 5, Wayne County, TN",1028,51,120,19,171,25,90,12,86,35,79,79,122,61,32,20,26
"District 10, Hardin County, TN",1018,52,49,125,52,75,84,76,74,39,83,89,144,9,55,0,12
"District 2, Humphreys County, TN",1018,63,72,57,41,19,38,116,95,67,53,65,61,100,54,63,54
"District 3, Chester County, TN",1017,47,41,57,27,36,28,35,116,0,117,73,280,11,35,114,0
"District 6, Coffee County, TN",1017,82,14,57,57,51,60,26,105,38,70,95,166,53,38,82,23
"District 16, Coffee County, TN",1013,16,0,5,35,53,69,41,26,49,135,57,124,169,51,147,36
"District 4, Carroll County, TN",1011,63,93,63,79,76,82,14,49,100,92,89,97,69,29,8,8
"District 5, Chester County, TN",1010,114,113,73,16,26,52,10,78,35,112,131,94,71,15,63,7
"District 1, Smith County, TN",1005,122,78,52,42,62,41,40,21,41,142,105,101,53,40,38,27
"District 4, Coffee County, TN",1001,79,29,79,44,61,0,32,43,69,112,112,253,40,21,0,27
"District 4, Hickman County, TN",1000,65,15,98,55,39,15,66,172,49,109,74,69,47,79,48,0
"District 5, Smith County, TN",999,39,43,34,35,53,89,70,19,38,98,91,175,64,84,43,24
"District 9, Coffee County, TN",998,18,30,38,24,58,83,177,64,28,81,103,101,117,49,18,9
"District 17, Lawrence County, TN",997,183,228,69,89,30,54,27,99,50,71,43,0,7,0,14,33
"District 1, Hickman County, TN",996,122,181,29,37,84,48,97,37,24,128,69,64,10,25,25,16
"District 13, Coffee County, TN",981,59,14,17,0,50,33,29,45,65,16,210,126,230,27,43,17
"District 18, Lawrence County, TN",980,51,64,121,82,25,34,91,64,0,94,128,122,27,36,32,9
"District 6, Carroll County, TN",978,62,50,108,64,42,73,38,67,54,94,100,104,61,21,34,6
"District 17, Coffee County, TN",976,171,129,52,57,74,130,124,14,58,47,60,44,8,0,0,8
"District 5, Union County, TN",972,123,132,0,7,63,52,9,58,55,115,129,44,78,4,24,79
"District 1, Lawrence County, TN",969,92,69,97,54,35,53,49,43,37,71,74,142,107,16,16,14
"District 4, Wayne County, TN",969,138,73,74,73,44,64,83,36,40,57,86,115,37,27,22,0
"District 3, Macon County, TN",968,52,86,36,11,64,93,60,41,0,47,113,251,25,27,30,32
"District 2, Macon County, TN",967,68,122,43,37,133,31,63,34,88,41,64,104,43,68,28,0
"District 4, Johnson County, TN",965,88,22,45,42,79,39,134,77,23,35,76,171,64,11,47,12
"District 8, Lawrence County, TN",962,62,24,38,24,49,37,45,33,80,168,46,166,32,38,19,101
"District 1, Meigs County, TN",960,54,80,51,39,37,59,29,48,37,140,74,112,74,62,49,15
"District 2, Meigs County, TN",960,43,81,65,65,44,41,42,24,28,88,123,237,40,29,6,4
"District 4, Chester County, TN",956,91,50,35,42,32,60,21,34,82,50,79,136,74,37,127,6
"District 13, Lawrence County, TN",952,16,44,116,93,60,82,44,27,71,105,48,138,53,40,12,3
"District 3, Bledsoe County, TN",951,77,82,66,59,36,63,76,52,17,18,142,89,80,0,49,45
"District 7, DeKalb County, TN",950,103,5,67,144,27,104,33,92,47,80,95,46,68,0,0,39
"District 1, Humphreys County, TN",948,40,29,46,95,66,78,43,148,37,83,78,114,27,20,24,20
"District 6, Hardin County, TN",948,57,0,43,55,52,46,77,88,48,70,95,158,84,14,25,36
"District 6, Smith County, TN",947,88,50,45,96,34,71,96,57,50,101,49,109,54,18,29,0
"District 9, Hardin County, TN",944,243,122,60,37,33,17,121,47,17,79,111,25,0,7,25,0
"District 7, Coffee County, TN",943,0,51,68,36,9,0,19,114,99,66,92,195,104,37,6,47
"District 1, Wayne County, TN",937,114,60,63,58,41,48,38,14,26,97,105,120,54,16,53,30
"District 16, Lawrence County, TN",937,156,138,50,59,64,40,96,45,58,63,41,66,49,12,0,0
"District 4, Smith County, TN",934,51,69,64,15,69,16,73,49,124,24,34,53,132,26,45,90
"District 7, Lawrence County, TN",933,27,38,29,30,65,114,80,69,44,53,73,88,127,53,15,28
"District 4, Lawrence County, TN",932,35,32,88,52,32,19,77,97,43,175,105,83,18,24,37,15
"District 15, Gibson County, TN",930,15,84,39,15,47,159,45,40,0,39,109,78,119,70,55,16
"District 5, Hardin County, TN",915,106,17,47,90,114,66,74,19,13,130,97,93,11,22,16,0
"District 7, Carroll County, TN",910,11,33,22,62,25,39,67,81,104,74,123,82,130,28,29,0
"District 3, Wayne County, TN",907,60,42,44,81,80,75,27,41,38,84,206,85,18,8,0,18
"District 5, Macon County, TN",905,62,33,63,79,14,61,61,40,27,104,93,107,108,28,19,6
"District 2, Smith County, TN",902,69,54,70,55,8,97,68,29,19,54,40,152,61,57,25,44
"District 1, Macon County, TN",899,141,73,107,126,75,30,91,31,22,24,26,91,54,0,0,8
"District 2, Lawrence County, TN",896,28,56,127,74,41,54,41,64,29,66,63,153,39,35,17,9
"District 5, Lawrence County, TN",895,73,53,72,41,81,26,16,55,16,99,78,123,67,68,19,8
"District 4, Stewart County, TN",894,38,36,51,63,19,62,32,58,36,43,275,111,34,27,9,0
"District 7, Smith County, TN",888,64,64,66,71,53,54,10,75,43,47,57,118,62,47,51,6
"District 4, Meigs County, TN",883,57,75,76,43,37,65,72,29,16,97,116,56,57,35,37,15
"District 6, Weakley County, TN",882,165,92,104,116,52,59,31,14,5,46,81,40,6,40,9,22
"District 4, Bledsoe County, TN",881,114,105,107,49,51,72,51,36,8,35,72,83,23,46,5,24
"District 7, Hardin County, TN",880,28,61,90,45,56,78,42,17,43,201,77,57,18,39,12,16
"District 3, Carroll County, TN",877,94,79,61,84,49,49,36,31,34,57,101,70,103,19,2,8
"District 4, Union County, TN",876,49,61,33,34,11,74,80,68,13,126,171,26,16,27,80,7
"District 10, Macon County, TN",875,14,117,176,33,69,98,103,43,0,20,87,53,22,0,33,7
"District 7, Johnson County, TN",873,160,119,56,51,108,35,45,23,4,36,98,70,38,18,4,8
"District 4, Humphreys County, TN",869,61,38,27,17,48,39,23,53,21,108,83,240,46,28,11,26
"District 7, Macon County, TN",866,69,88,59,50,90,85,68,71,6,11,104,142,12,0,11,0
"District 3, Jackson County, TN",861,89,113,86,11,64,51,54,31,33,36,40,161,27,13,30,22
"District 6, Wayne County, TN",860,139,94,12,48,33,71,17,120,7,55,70,79,51,30,34,0
"District 5, Meigs County, TN",858,93,67,6,14,22,38,54,37,91,37,103,160,52,33,24,27
"District 5, Humphreys County, TN",850,104,19,44,65,26,44,38,41,89,129,60,59,75,27,22,8
"District 10, Lawrence County, TN",844,32,55,103,38,0,32,0,77,50,123,121,69,76,48,9,11
"District 6, Humphreys County, TN",843,59,74,37,108,45,38,41,49,12,41,70,136,82,30,6,15
"District 2, Hardin County, TN",842,86,109,35,94,69,16,78,32,38,29,49,164,12,0,12,19
"District 14, Gibson County, TN",838,42,165,11,111,62,89,0,68,0,26,36,51,165,12,0,0
"District 7, Union County, TN",838,36,45,108,50,53,77,42,73,26,106,62,78,38,20,10,14
"District 11, Coffee County, TN",837,78,58,21,46,81,58,11,48,50,88,113,80,23,0,64,18
"District 8, Haywood County, TN",829,46,79,81,91,62,14,35,19,47,67,121,64,71,28,4,0
"District 7, Gibson County, TN",827,82,54,100,42,17,57,71,67,30,72,121,71,0,0,0,43
"District 5, Bledsoe County, TN",823,62,93,22,25,49,14,24,38,33,88,110,144,70,9,13,29
"District 6, Macon County, TN",819,80,47,31,51,10,8,45,15,40,14,75,127,143,33,59,41
"District 6, Lawrence County, TN",817,94,27,26,40,81,67,35,39,10,68,76,132,84,30,8,0
"District 6, Gibson County, TN",807,98,100,30,59,67,30,60,14,45,68,63,67,18,43,10,35
"District 4, Jackson County, TN",805,12,61,71,95,37,88,12,75,20,69,38,111,24,0,47,45
"District 2, Jackson County, TN",796,102,64,107,77,49,87,47,15,39,35,53,86,21,5,7,2
"District 6, Stewart County, TN",796,72,43,67,40,13,57,48,45,20,96,72,94,33,36,54,6
"District 15, Lawrence County, TN",795,30,82,5,53,27,101,32,41,15,137,114,80,59,6,7,6
"District 7, Haywood County, TN",788,117,36,11,17,85,113,83,65,44,20,40,96,45,0,0,16
"District 8, Smith County, TN",781,46,46,64,30,41,24,60,50,12,67,96,161,23,35,19,7
"District 2, Union County, TN",780,67,70,48,64,94,13,41,15,61,21,77,96,5,63,26,19
"District 6, Chester County, TN",779,79,50,125,56,79,28,36,55,10,49,85,113,9,5,0,0
"District 2, Haywood County, TN",777,84,32,30,81,114,71,19,36,25,130,21,105,19,3,7,0
"District 11, Lawrence County, TN",775,59,7,63,35,73,53,14,96,65,89,56,70,69,9,17,0
"District 20, Coffee County, TN",770,33,13,118,62,27,40,91,70,13,74,33,68,87,0,41,0
"District 2, Bledsoe County, TN",769,123,14,25,41,10,71,63,13,58,71,79,126,7,0,54,14
"District 14, Lawrence County, TN",764,78,60,42,38,62,24,75,49,41,64,68,58,46,17,17,25
"District 2, Stewart County, TN",760,106,37,0,44,52,43,58,40,20,126,55,91,28,48,0,12
"District 7, Stewart County, TN",759,41,43,81,103,72,26,26,18,38,56,56,87,64,3,45,0
"District 8, Gibson County, TN",758,27,21,95,94,21,47,42,34,28,86,54,43,54,56,52,4
"District 1, Haywood County, TN",757,196,73,54,127,37,14,51,8,41,60,46,36,9,0,0,5
"District 8, Macon County, TN",757,0,17,36,39,12,41,19,12,0,75,203,156,85,17,31,14
"District 1, Bledsoe County, TN",755,71,52,28,99,71,46,8,26,47,45,88,91,59,18,6,0
"District 3, Clay County, TN",751,155,96,75,38,15,38,28,47,26,57,35,35,57,38,2,9
"District 3, Lawrence County, TN",746,23,43,21,36,126,64,23,56,42,97,80,68,36,21,10,0
"District 12, Lawrence County, TN",737,97,31,34,44,5,16,67,92,41,82,96,34,40,27,20,11
"District 4, Haywood County, TN",736,78,34,55,57,19,34,95,27,36,95,56,114,29,7,0,0
"District 3, Haywood County, TN",730,71,34,107,95,27,45,11,12,4,143,95,54,0,22,0,10
"District 12, Gibson County, TN",729,18,48,28,42,69,47,0,0,33,34,42,213,101,54,0,0
"District 7, Wayne County, TN",727,17,56,78,16,109,42,14,73,0,48,58,96,49,56,15,0
"District 3, Gibson County, TN",720,126,0,56,27,73,63,13,65,0,31,126,69,13,0,25,33
"District 4, Gibson County, TN",720,154,72,13,24,142,64,47,13,9,76,15,52,29,10,0,0
"District 5, Jackson County, TN",720,63,66,101,50,34,32,42,43,12,72,93,64,39,0,9,0
"District 8, Coffee County, TN",720,30,24,24,31,0,79,44,24,14,45,73,116,126,37,35,18
"District 17, Gibson County, TN",715,47,27,65,41,43,62,41,36,36,73,42,79,101,22,0,0
"District 6, Bledsoe County, TN",715,78,15,0,56,60,14,14,92,29,77,0,141,76,7,16,40
"District 1, Stewart County, TN",710,28,0,30,83,0,59,93,116,66,21,0,94,10,30,69,11
"District 5, Johnson County, TN",710,46,28,85,73,65,28,33,72,77,41,80,15,11,27,19,10
"District 10, Haywood County, TN",709,71,15,17,59,29,55,16,13,15,60,134,93,65,47,16,4
"District 5, Gibson County, TN",706,113,68,105,79,40,57,58,47,6,58,5,13,20,24,0,13
"District 6, Jackson County, TN",704,80,65,35,54,21,34,41,37,73,47,75,66,6,46,8,16
"District 7, Sequatchie County, TN",697,40,19,60,35,13,22,55,0,62,109,164,90,28,0,0,0
"District 18, Gibson County, TN",686,10,20,86,36,47,52,28,35,24,54,106,99,26,51,12,0
"District 1, Jackson County, TN",680,83,89,75,37,74,16,23,61,25,86,54,30,13,2,8,4
"District 9, Haywood County, TN",679,224,12,53,59,46,44,15,45,46,22,27,23,25,5,21,12
"District 5, Claiborne County, TN",677,108,100,55,34,72,35,32,17,41,34,21,48,40,22,8,10
"District 2, Coffee County, TN",668,76,58,67,49,76,15,75,45,12,35,45,63,40,12,0,0
"District 2, Sequatchie County, TN",666,40,4,42,75,37,29,0,44,21,79,46,141,46,28,26,8
"District 3, Moore County, TN",663,0,42,28,35,40,0,8,33,20,84,97,148,37,24,21,46
"District 6, Lewis County, TN",663,81,101,38,15,32,87,75,0,0,16,13,58,35,0,100,12
"District 6, Sequatchie County, TN",663,52,83,48,63,35,23,21,35,14,32,163,73,0,0,21,0
"District 3, Pickett County, TN",661,91,82,0,30,46,45,52,107,44,59,11,0,14,0,80,0
"District 6, Hardeman County, TN",655,90,39,36,75,7,45,51,16,28,24,84,105,27,8,9,11
"District 5, Lewis County, TN",652,18,45,70,38,79,7,19,54,16,87,106,103,4,0,0,6
"District 2, Decatur County, TN",647,41,54,64,50,27,47,30,55,4,56,101,60,25,32,0,1
"District 2, Johnson County, TN",644,37,29,73,37,13,83,0,53,0,23,94,123,47,0,32,0
"District 5, Stewart County, TN",641,32,46,63,59,26,36,35,50,37,24,58,75,44,17,3,36
"District 3, Sequatchie County, TN",633,89,18,75,52,36,30,73,62,17,23,47,75,36,0,0,0
"District 8, Hardeman County, TN",632,46,74,40,81,39,13,41,54,34,13,42,98,11,39,7,0
"District 1, Pickett County, TN",625,66,111,39,26,74,61,18,15,11,24,58,77,29,13,2,1
"District 3, Stewart County, TN",618,0,13,0,35,28,40,135,15,39,69,44,64,63,33,40,0
"District 8, Sequatchie County, TN",612,22,23,68,14,29,43,12,0,20,40,43,148,100,37,8,5
"District 4, Clay County, TN",611,71,16,72,35,44,21,57,12,48,89,35,58,29,0,15,9
"District 6, Haywood County, TN",610,8,49,18,15,48,79,39,13,27,28,124,90,19,17,21,15
"District 1, Sequatchie County, TN",608,0,24,44,12,62,4,78,24,0,42,31,143,52,31,43,18
"District 9, Sequatchie County, TN",606,54,59,72,33,32,40,47,8,6,28,43,116,25,21,0,22
"District 5, Perry County, TN",604,124,35,58,37,4,29,50,12,11,120,24,79,5,10,0,6
"District 13, Gibson County, TN",603,72,133,64,28,29,0,17,93,32,9,69,45,12,0,0,0
"District 3, Perry County, TN",598,98,41,32,19,45,29,0,34,7,63,22,100,39,0,0,69
"District 6, Morgan County, TN",594,41,17,42,46,0,30,39,29,49,130,23,95,13,40,0,0
"District 6, Johnson County, TN",576,72,73,53,28,36,30,51,42,25,0,47,66,22,19,8,4
"District 1, Clay County, TN",574,13,23,100,67,52,14,30,28,13,57,92,78,0,0,7,0
"District 6, Perry County, TN",573,63,32,73,13,53,40,16,44,43,37,56,41,11,11,5,35
"District 4, Moore County, TN",571,59,11,0,61,72,21,20,32,10,49,109,28,48,13,32,6
"District 5, Haywood County, TN",566,24,21,20,13,41,21,12,44,17,110,73,82,65,0,0,23
"District 4, Crockett County, TN",564,36,46,38,81,71,40,18,0,0,21,51,80,42,10,7,23
"District 2, Clay County, TN",554,44,85,55,21,63,0,0,69,7,14,57,78,32,29,0,0
"District 5, Sequatchie County, TN",554,14,39,34,47,11,14,21,60,13,15,38,40,74,113,21,0
"District 4, Van Buren County, TN",553,44,0,66,30,44,65,13,17,16,96,51,37,32,12,30,0
"District 4, Pickett County, TN",552,0,48,22,54,0,43,52,38,65,0,70,59,32,27,42,0
"District 5, Clay County, TN",549,117,52,58,16,42,57,0,10,32,52,78,16,19,0,0,0
"District 6, Crockett County, TN",544,61,63,28,32,30,25,23,11,29,54,27,64,52,16,20,9
"District 9, Gibson County, TN",538,20,23,78,34,19,54,24,74,14,60,38,37,19,44,0,0
"District 4, Lewis County, TN",533,108,0,32,51,27,69,25,16,35,6,77,21,32,16,0,18
"District 2, Perry County, TN",529,90,28,18,22,84,45,10,14,31,8,60,88,10,6,0,15
"District 5, Moore County, TN",527,9,44,0,28,0,19,47,22,64,30,46,50,67,49,27,25
"District 2, Lewis County, TN",525,37,0,98,48,15,19,12,40,71,30,34,72,15,12,22,0
"District 8, Decatur County, TN",519,54,108,83,29,23,4,0,0,76,5,37,45,29,0,26,0
"District 3, Decatur County, TN",516,63,73,20,35,8,31,10,23,23,33,24,54,56,33,21,9
"District 7, Houston County, TN",516,91,0,21,47,31,0,12,31,21,80,46,86,4,6,18,22
"District 9, Decatur County, TN",513,17,33,40,51,46,38,27,5,10,41,25,122,27,4,12,15
"District 7, Hancock County, TN",506,77,38,55,51,27,12,3,29,0,21,76,77,19,0,11,10
"District 7, Lewis County, TN",501,0,23,0,34,117,0,39,12,13,14,123,77,32,5,0,12
"District 11, Crockett County, TN",499,4,35,6,0,29,45,37,50,13,40,54,100,43,10,14,19
"District 8, Lewis County, TN",490,0,44,42,48,20,36,66,26,0,41,41,30,96,0,0,0
"District 4, Sequatchie County, TN",489,0,31,66,72,35,56,0,0,29,87,36,61,0,0,16,0
"District 6, Hancock County, TN",488,114,75,16,23,52,8,7,41,17,23,32,47,14,9,0,10
"District 4, Hardeman County, TN",484,13,0,36,54,40,26,47,41,10,13,59,85,48,2,10,0
"District 7, Decatur County, TN",484,47,44,57,34,46,17,37,35,6,23,50,47,16,4,21,0
"District 1, Decatur County, TN",482,20,31,15,32,25,13,34,30,21,78,39,62,32,28,9,13
"District 1, Lewis County, TN",479,42,7,42,52,31,26,38,84,24,14,35,63,5,7,0,9
"District 3, Houston County, TN",475,50,46,8,27,42,21,40,36,52,27,36,46,13,27,4,0
"District 2, Moore County, TN",473,19,8,97,5,29,5,8,0,40,27,47,62,49,31,40,6
"District 3, Van Buren County, TN",472,45,6,35,46,58,34,9,27,0,62,36,68,32,5,0,9
"District 4, Decatur County, TN",471,40,32,21,14,12,41,11,45,40,38,64,53,55,0,0,5
"District 7, Trousdale County, TN",464,55,14,40,52,66,22,39,20,0,0,25,87,34,0,10,0
"District 2, Crockett County, TN",456,67,29,32,33,20,18,22,16,23,55,57,41,14,0,18,11
"District 3, Crockett County, TN",452,9,26,13,36,33,20,55,45,10,37,54,41,55,3,4,11
"District 9, Crockett County, TN",452,23,11,15,38,11,44,7,22,28,25,53,82,53,27,13,0
"District 8, Crockett County, TN",450,15,33,24,7,36,50,21,13,0,66,55,47,36,19,19,9
"District 1, Hancock County, TN",448,46,20,47,49,57,22,19,39,6,38,0,33,6,18,11,37
"District 10, Crockett County, TN",447,72,15,36,25,39,28,22,24,0,40,34,38,61,12,1,0
"District 2, Pickett County, TN",443,19,25,59,18,9,60,11,3,35,41,63,7,58,9,14,12
"District 5, Decatur County, TN",443,34,29,26,20,42,38,21,47,8,38,75,44,13,0,0,8
"District 3, Lewis County, TN",441,11,25,15,0,72,54,26,17,14,33,70,55,25,24,0,0
"District 2, Houston County, TN",440,49,26,54,13,26,22,28,32,22,40,60,33,21,11,3,0
"District 7, Crockett County, TN",434,41,25,33,24,43,11,47,25,0,27,85,48,8,6,5,6
"District 9, Lewis County, TN",431,35,140,16,36,69,27,14,0,0,19,28,16,0,31,0,0
"District 4, Houston County, TN",425,39,42,20,26,22,21,8,71,12,32,12,36,40,30,14,0
"District 1, Crockett County, TN",416,25,53,17,31,37,2,20,11,16,26,52,54,37,10,23,2
"District 5, Lauderdale County, TN",411,47,9,33,16,5,12,36,56,5,32,66,61,33,0,0,0
"District 3, Hardeman County, TN",408,30,34,22,46,32,64,24,4,12,26,16,54,37,0,7,0
"District 1, Houston County, TN",402,99,35,30,12,47,32,18,11,18,30,19,0,21,13,8,9
"District 5, Crockett County, TN",398,36,28,25,35,26,30,38,5,19,19,50,10,43,15,9,10
"District 2, Van Buren County, TN",389,7,7,25,23,0,67,9,5,11,7,53,101,45,9,0,20
"District 5, Hancock County, TN",388,74,50,11,81,34,15,0,14,6,8,27,5,9,38,0,16
"District 1, Perry County, TN",386,34,5,58,39,43,11,7,18,17,43,23,17,44,13,0,14
"District 4, Perry County, TN",383,43,27,9,0,22,17,0,40,23,78,37,22,7,48,0,10
"District 12, Crockett County, TN",379,22,14,15,16,12,9,34,58,29,29,61,39,17,10,2,12
"District 1, Van Buren County, TN",377,34,45,18,34,4,20,36,15,31,39,28,40,19,8,6,0
"District 6, Decatur County, TN",365,21,60,4,61,41,16,0,16,33,9,46,24,17,0,4,13
"District 1, Moore County, TN",358,44,10,22,11,7,42,0,13,19,35,57,19,25,26,21,7
"District 5, Trousdale County, TN",353,0,17,9,12,12,0,0,20,19,22,35,108,87,0,0,12
"District 5, Van Buren County, TN",350,31,36,39,42,5,20,33,12,13,61,26,29,0,3,0,0
"District 6, Houston County, TN",342,6,17,42,30,6,23,10,9,28,20,54,46,26,0,25,0
"District 2, Trousdale County, TN",340,39,0,68,23,0,0,0,12,0,67,44,66,12,0,9,0
"District 2, Wayne County, TN",336,31,21,29,26,21,12,19,17,29,31,13,39,39,5,0,4
"District 3, Hancock County, TN",330,49,17,36,13,17,5,35,15,20,15,6,51,36,15,0,0
"District 3, Trousdale County, TN",317,13,0,23,43,0,53,15,0,0,44,31,50,14,18,13,0
"District 2, Hancock County, TN",312,20,19,35,22,33,23,12,13,22,37,22,28,26,0,0,0
"District 1, Trousdale County, TN",309,4,12,9,5,0,19,15,21,5,82,34,26,41,27,0,9
"District 8, Trousdale County, TN",307,0,14,15,27,0,57,0,69,0,13,21,54,24,0,0,13
"District 10, Trousdale County, TN",296,14,51,33,0,0,0,41,18,0,16,2,23,27,55,16,0
"District 9, Claiborne County, TN",283,37,19,23,12,38,16,9,29,12,29,28,8,0,4,16,3
"District 5, Houston County, TN",278,19,15,0,34,10,8,0,0,6,66,46,36,7,0,0,31
"District 9, Trousdale County, TN",275,9,3,7,14,36,9,0,0,30,75,61,28,0,0,0,3
"District 4, Hancock County, TN",270,18,0,18,58,16,34,7,10,23,25,8,36,0,0,0,17
"District 6, Trousdale County, TN",270,0,12,13,18,9,0,0,0,13,54,35,41,58,0,17,0
"District 4, Trousdale County, TN",258,9,2,9,0,0,3,0,50,27,58,29,38,17,0,12,4
"District 1, Lake County, TN",72,0,0,0,0,35,10,16,0,0,0,5,0,0,6,0,0
